ticker,scope,statement_type,source_mode,raw_fetch_success,data_status,raw_shape,normalized_rows,missing_report_period,missing_available_from,lag_mismatches,error
AAA,NON_FINANCIAL,BALANCE_SHEET,CACHED_RAW_RENORMALIZED,True,OK,"[122,7]",408,0,0,0,
AAA,NON_FINANCIAL,INCOME_STATEMENT,CACHED_RAW_RENORMALIZED,True,OK,"[25,7]",100,0,0,0,
AAA,NON_FINANCIAL,CASH_FLOW,CACHED_RAW_RENORMALIZED,True,OK,"[41,7]",164,0,0,0,
AAH,NON_FINANCIAL,BALANCE_SHEET,CACHED_RAW_RENORMALIZED,True,OK,"[122,7]",408,0,0,0,
AAH,NON_FINANCIAL,INCOME_STATEMENT,CACHED_RAW_RENORMALIZED,True,OK,"[25,7]",100,0,0,0,
AAH,NON_FINANCIAL,CASH_FLOW,CACHED_RAW_RENORMALIZED,True,OK,"[41,7]",164,0,0,0,
AAS,FINANCIAL_RAW_FETCH_ONLY,BALANCE_SHEET,CACHED_RAW_RENORMALIZED,True,OK,"[208,7]",728,0,0,0,
AAS,FINANCIAL_RAW_FETCH_ONLY,INCOME_STATEMENT,CACHED_RAW_RENORMALIZED,True,OK,"[79,7]",300,0,0,0,
AAS,FINANCIAL_RAW_FETCH_ONLY,CASH_FLOW,CACHED_RAW_RENORMALIZED,True,OK,"[148,7]",492,0,0,0,
AAV,NON_FINANCIAL,BALANCE_SHEET,CACHED_RAW_RENORMALIZED,True,OK,"[122,7]",408,0,0,0,
AAV,NON_FINANCIAL,INCOME_STATEMENT,CACHED_RAW_RENORMALIZED,True,OK,"[25,7]",100,0,0,0,
AAV,NON_FINANCIAL,CASH_FLOW,CACHED_RAW_RENORMALIZED,True,OK,"[41,7]",164,0,0,0,
ABB,FINANCIAL_RAW_FETCH_ONLY,BALANCE_SHEET,CACHED_RAW_RENORMALIZED,True,OK,"[86,7]",288,0,0,0,
ABB,FINANCIAL_RAW_FETCH_ONLY,INCOME_STATEMENT,CACHED_RAW_RENORMALIZED,True,OK,"[26,7]",104,0,0,0,
ABB,FINANCIAL_RAW_FETCH_ONLY,CASH_FLOW,CACHED_RAW_RENORMALIZED,True,OK,"[52,7]",208,0,0,0,
ABT,NON_FINANCIAL,BALANCE_SHEET,CACHED_RAW_RENORMALIZED,True,OK,"[122,7]",408,0,0,0,
ABT,NON_FINANCIAL,INCOME_STATEMENT,CACHED_RAW_RENORMALIZED,True,OK,"[25,7]",100,0,0,0,
ABT,NON_FINANCIAL,CASH_FLOW,CACHED_RAW_RENORMALIZED,True,OK,"[41,7]",164,0,0,0,
ABW,FINANCIAL_RAW_FETCH_ONLY,BALANCE_SHEET,CACHED_RAW_RENORMALIZED,True,OK,"[208,7]",728,0,0,0,
ABW,FINANCIAL_RAW_FETCH_ONLY,INCOME_STATEMENT,CACHED_RAW_RENORMALIZED,True,OK,"[79,7]",300,0,0,0,
ABW,FINANCIAL_RAW_FETCH_ONLY,CASH_FLOW,CACHED_RAW_RENORMALIZED,True,OK,"[148,7]",492,0,0,0,
ACB,FINANCIAL_RAW_FETCH_ONLY,BALANCE_SHEET,CACHED_RAW_RENORMALIZED,True,OK,"[86,7]",288,0,0,0,
ACB,FINANCIAL_RAW_FETCH_ONLY,INCOME_STATEMENT,CACHED_RAW_RENORMALIZED,True,OK,"[26,7]",104,0,0,0,
ACB,FINANCIAL_RAW_FETCH_ONLY,CASH_FLOW,CACHED_RAW_RENORMALIZED,True,OK,"[52,7]",208,0,0,0,
ACM,NON_FINANCIAL,BALANCE_SHEET,CACHED_RAW_RENORMALIZED,True,OK,"[122,7]",408,0,0,0,
ACM,NON_FINANCIAL,INCOME_STATEMENT,CACHED_RAW_RENORMALIZED,True,OK,"[25,7]",100,0,0,0,
ACM,NON_FINANCIAL,CASH_FLOW,CACHED_RAW_RENORMALIZED,True,OK,"[41,7]",164,0,0,0,
ACV,NON_FINANCIAL,BALANCE_SHEET,CACHED_RAW_RENORMALIZED,True,OK,"[122,7]",408,0,0,0,
ACV,NON_FINANCIAL,INCOME_STATEMENT,CACHED_RAW_RENORMALIZED,True,OK,"[25,7]",100,0,0,0,
ACV,NON_FINANCIAL,CASH_FLOW,CACHED_RAW_RENORMALIZED,True,OK,"[41,7]",164,0,0,0,
ADS,NON_FINANCIAL,BALANCE_SHEET,CACHED_RAW_RENORMALIZED,True,OK,"[122,7]",408,0,0,0,
ADS,NON_FINANCIAL,INCOME_STATEMENT,CACHED_RAW_RENORMALIZED,True,OK,"[25,7]",100,0,0,0,
ADS,NON_FINANCIAL,CASH_FLOW,CACHED_RAW_RENORMALIZED,True,OK,"[41,7]",164,0,0,0,
AFX,NON_FINANCIAL,BALANCE_SHEET,CACHED_RAW_RENORMALIZED,True,OK,"[122,7]",408,0,0,0,
AFX,NON_FINANCIAL,INCOME_STATEMENT,CACHED_RAW_RENORMALIZED,True,OK,"[25,7]",100,0,0,0,
AFX,NON_FINANCIAL,CASH_FLOW,CACHED_RAW_RENORMALIZED,True,OK,"[41,7]",164,0,0,0,
AGG,NON_FINANCIAL,BALANCE_SHEET,CACHED_RAW_RENORMALIZED,True,OK,"[122,7]",408,0,0,0,
AGG,NON_FINANCIAL,INCOME_STATEMENT,CACHED_RAW_RENORMALIZED,True,OK,"[25,7]",100,0,0,0,
AGG,NON_FINANCIAL,CASH_FLOW,CACHED_RAW_RENORMALIZED,True,OK,"[41,7]",164,0,0,0,
AGR,FINANCIAL_RAW_FETCH_ONLY,BALANCE_SHEET,CACHED_RAW_RENORMALIZED,True,OK,"[208,7]",728,0,0,0,
AGR,FINANCIAL_RAW_FETCH_ONLY,INCOME_STATEMENT,CACHED_RAW_RENORMALIZED,True,OK,"[79,7]",300,0,0,0,
AGR,FINANCIAL_RAW_FETCH_ONLY,CASH_FLOW,CACHED_RAW_RENORMALIZED,True,OK,"[148,7]",492,0,0,0,
AGX,NON_FINANCIAL,BALANCE_SHEET,CACHED_RAW_RENORMALIZED,False,MISSING_DATA,"[0,0]",0,0,0,0,raw statement is empty or absent
AGX,NON_FINANCIAL,INCOME_STATEMENT,CACHED_RAW_RENORMALIZED,False,MISSING_DATA,"[0,0]",0,0,0,0,raw statement is empty or absent
AGX,NON_FINANCIAL,CASH_FLOW,CACHED_RAW_RENORMALIZED,False,MISSING_DATA,"[0,0]",0,0,0,0,raw statement is empty or absent
AIG,NON_FINANCIAL,BALANCE_SHEET,CACHED_RAW_RENORMALIZED,True,OK,"[122,7]",408,0,0,0,
AIG,NON_FINANCIAL,INCOME_STATEMENT,CACHED_RAW_RENORMALIZED,True,OK,"[25,7]",100,0,0,0,
AIG,NON_FINANCIAL,CASH_FLOW,CACHED_RAW_RENORMALIZED,True,OK,"[41,7]",164,0,0,0,
AMS,NON_FINANCIAL,BALANCE_SHEET,CACHED_RAW_RENORMALIZED,True,OK,"[122,7]",408,0,0,0,
AMS,NON_FINANCIAL,INCOME_STATEMENT,CACHED_RAW_RENORMALIZED,True,OK,"[25,7]",100,0,0,0,
AMS,NON_FINANCIAL,CASH_FLOW,CACHED_RAW_RENORMALIZED,True,OK,"[41,7]",164,0,0,0,
ANV,NON_FINANCIAL,BALANCE_SHEET,CACHED_RAW_RENORMALIZED,True,OK,"[122,7]",408,0,0,0,
ANV,NON_FINANCIAL,INCOME_STATEMENT,CACHED_RAW_RENORMALIZED,True,OK,"[25,7]",100,0,0,0,
ANV,NON_FINANCIAL,CASH_FLOW,CACHED_RAW_RENORMALIZED,True,OK,"[41,7]",164,0,0,0,
APF,NON_FINANCIAL,BALANCE_SHEET,CACHED_RAW_RENORMALIZED,True,OK,"[122,7]",408,0,0,0,
APF,NON_FINANCIAL,INCOME_STATEMENT,CACHED_RAW_RENORMALIZED,True,OK,"[25,7]",100,0,0,0,
APF,NON_FINANCIAL,CASH_FLOW,CACHED_RAW_RENORMALIZED,True,OK,"[41,7]",164,0,0,0,
APG,FINANCIAL_RAW_FETCH_ONLY,BALANCE_SHEET,CACHED_RAW_RENORMALIZED,True,OK,"[208,7]",728,0,0,0,
APG,FINANCIAL_RAW_FETCH_ONLY,INCOME_STATEMENT,CACHED_RAW_RENORMALIZED,True,OK,"[79,7]",300,0,0,0,
APG,FINANCIAL_RAW_FETCH_ONLY,CASH_FLOW,CACHED_RAW_RENORMALIZED,True,OK,"[148,7]",492,0,0,0,
APH,NON_FINANCIAL,BALANCE_SHEET,CACHED_RAW_RENORMALIZED,True,OK,"[122,7]",408,0,0,0,
APH,NON_FINANCIAL,INCOME_STATEMENT,CACHED_RAW_RENORMALIZED,True,OK,"[25,7]",100,0,0,0,
APH,NON_FINANCIAL,CASH_FLOW,CACHED_RAW_RENORMALIZED,True,OK,"[41,7]",164,0,0,0,
API,NON_FINANCIAL,BALANCE_SHEET,CACHED_RAW_RENORMALIZED,True,OK,"[122,7]",408,0,0,0,
API,NON_FINANCIAL,INCOME_STATEMENT,CACHED_RAW_RENORMALIZED,True,OK,"[25,7]",100,0,0,0,
API,NON_FINANCIAL,CASH_FLOW,CACHED_RAW_RENORMALIZED,True,OK,"[41,7]",164,0,0,0,
APS,FINANCIAL_RAW_FETCH_ONLY,BALANCE_SHEET,CACHED_RAW_RENORMALIZED,True,OK,"[208,7]",728,0,0,0,
APS,FINANCIAL_RAW_FETCH_ONLY,INCOME_STATEMENT,CACHED_RAW_RENORMALIZED,True,OK,"[79,7]",300,0,0,0,
APS,FINANCIAL_RAW_FETCH_ONLY,CASH_FLOW,CACHED_RAW_RENORMALIZED,True,OK,"[148,7]",492,0,0,0,
ASM,NON_FINANCIAL,BALANCE_SHEET,CACHED_RAW_RENORMALIZED,True,OK,"[122,7]",408,0,0,0,
ASM,NON_FINANCIAL,INCOME_STATEMENT,CACHED_RAW_RENORMALIZED,True,OK,"[25,7]",100,0,0,0,
ASM,NON_FINANCIAL,CASH_FLOW,CACHED_RAW_RENORMALIZED,True,OK,"[41,7]",164,0,0,0,
ASP,NON_FINANCIAL,BALANCE_SHEET,CACHED_RAW_RENORMALIZED,True,OK,"[122,7]",408,0,0,0,
ASP,NON_FINANCIAL,INCOME_STATEMENT,CACHED_RAW_RENORMALIZED,True,OK,"[25,7]",100,0,0,0,
ASP,NON_FINANCIAL,CASH_FLOW,CACHED_RAW_RENORMALIZED,True,OK,"[41,7]",164,0,0,0,
ATG,NON_FINANCIAL,BALANCE_SHEET,CACHED_RAW_RENORMALIZED,True,OK,"[122,7]",408,0,0,0,
ATG,NON_FINANCIAL,INCOME_STATEMENT,CACHED_RAW_RENORMALIZED,True,OK,"[25,7]",100,0,0,0,
ATG,NON_FINANCIAL,CASH_FLOW,CACHED_RAW_RENORMALIZED,True,OK,"[41,7]",164,0,0,0,
BAF,NON_FINANCIAL,BALANCE_SHEET,CACHED_RAW_RENORMALIZED,True,REQUIRED_ITEM_AMBIGUOUS,"[122,7]",0,0,0,0,
BAF,NON_FINANCIAL,INCOME_STATEMENT,CACHED_RAW_RENORMALIZED,True,OK,"[25,7]",100,0,0,0,
BAF,NON_FINANCIAL,CASH_FLOW,CACHED_RAW_RENORMALIZED,True,OK,"[41,7]",164,0,0,0,
BCG,FINANCIAL_RAW_FETCH_ONLY,BALANCE_SHEET,CACHED_RAW_RENORMALIZED,True,OK,"[122,7]",408,0,0,0,
BCG,FINANCIAL_RAW_FETCH_ONLY,INCOME_STATEMENT,CACHED_RAW_RENORMALIZED,True,OK,"[25,7]",100,0,0,0,
BCG,FINANCIAL_RAW_FETCH_ONLY,CASH_FLOW,CACHED_RAW_RENORMALIZED,True,OK,"[41,7]",164,0,0,0,
BCM,NON_FINANCIAL,BALANCE_SHEET,CACHED_RAW_RENORMALIZED,True,OK,"[122,7]",408,0,0,0,
BCM,NON_FINANCIAL,INCOME_STATEMENT,CACHED_RAW_RENORMALIZED,True,OK,"[25,7]",100,0,0,0,
BCM,NON_FINANCIAL,CASH_FLOW,CACHED_RAW_RENORMALIZED,True,OK,"[41,7]",164,0,0,0,
BCR,NON_FINANCIAL,BALANCE_SHEET,CACHED_RAW_RENORMALIZED,True,OK,"[122,7]",408,0,0,0,
BCR,NON_FINANCIAL,INCOME_STATEMENT,CACHED_RAW_RENORMALIZED,True,OK,"[25,7]",100,0,0,0,
BCR,NON_FINANCIAL,CASH_FLOW,CACHED_RAW_RENORMALIZED,True,OK,"[41,7]",164,0,0,0,
BDT,NON_FINANCIAL,BALANCE_SHEET,CACHED_RAW_RENORMALIZED,True,OK,"[122,7]",408,0,0,0,
BDT,NON_FINANCIAL,INCOME_STATEMENT,CACHED_RAW_RENORMALIZED,True,OK,"[25,7]",100,0,0,0,
BDT,NON_FINANCIAL,CASH_FLOW,CACHED_RAW_RENORMALIZED,True,OK,"[41,7]",164,0,0,0,
BFC,NON_FINANCIAL,BALANCE_SHEET,CACHED_RAW_RENORMALIZED,True,OK,"[122,7]",408,0,0,0,
BFC,NON_FINANCIAL,INCOME_STATEMENT,CACHED_RAW_RENORMALIZED,True,OK,"[25,7]",100,0,0,0,
BFC,NON_FINANCIAL,CASH_FLOW,CACHED_RAW_RENORMALIZED,True,OK,"[41,7]",164,0,0,0,
BGE,NON_FINANCIAL,BALANCE_SHEET,CACHED_RAW_RENORMALIZED,True,OK,"[122,7]",408,0,0,0,
BGE,NON_FINANCIAL,INCOME_STATEMENT,CACHED_RAW_RENORMALIZED,True,OK,"[25,7]",100,0,0,0,
BGE,NON_FINANCIAL,CASH_FLOW,CACHED_RAW_RENORMALIZED,True,OK,"[41,7]",164,0,0,0,
BIC,FINANCIAL_RAW_FETCH_ONLY,BALANCE_SHEET,CACHED_RAW_RENORMALIZED,True,REQUIRED_ITEM_AMBIGUOUS,"[151,7]",0,0,0,0,
BIC,FINANCIAL_RAW_FETCH_ONLY,INCOME_STATEMENT,CACHED_RAW_RENORMALIZED,True,OK,"[84,7]",312,0,0,0,
BIC,FINANCIAL_RAW_FETCH_ONLY,CASH_FLOW,CACHED_RAW_RENORMALIZED,True,OK,"[49,7]",196,0,0,0,
BID,FINANCIAL_RAW_FETCH_ONLY,BALANCE_SHEET,CACHED_RAW_RENORMALIZED,True,OK,"[86,7]",288,0,0,0,
BID,FINANCIAL_RAW_FETCH_ONLY,INCOME_STATEMENT,CACHED_RAW_RENORMALIZED,True,OK,"[26,7]",104,0,0,0,
BID,FINANCIAL_RAW_FETCH_ONLY,CASH_FLOW,CACHED_RAW_RENORMALIZED,True,OK,"[52,7]",208,0,0,0,
BIG,NON_FINANCIAL,BALANCE_SHEET,CACHED_RAW_RENORMALIZED,True,OK,"[122,7]",408,0,0,0,
BIG,NON_FINANCIAL,INCOME_STATEMENT,CACHED_RAW_RENORMALIZED,True,OK,"[25,7]",100,0,0,0,
BIG,NON_FINANCIAL,CASH_FLOW,CACHED_RAW_RENORMALIZED,True,OK,"[41,7]",164,0,0,0,
BKG,NON_FINANCIAL,BALANCE_SHEET,CACHED_RAW_RENORMALIZED,True,OK,"[122,7]",408,0,0,0,
BKG,NON_FINANCIAL,INCOME_STATEMENT,CACHED_RAW_RENORMALIZED,True,OK,"[25,7]",100,0,0,0,
BKG,NON_FINANCIAL,CASH_FLOW,CACHED_RAW_RENORMALIZED,True,OK,"[41,7]",164,0,0,0,
BMI,FINANCIAL_RAW_FETCH_ONLY,BALANCE_SHEET,CACHED_RAW_RENORMALIZED,True,REQUIRED_ITEM_AMBIGUOUS,"[151,7]",0,0,0,0,
BMI,FINANCIAL_RAW_FETCH_ONLY,INCOME_STATEMENT,CACHED_RAW_RENORMALIZED,True,OK,"[84,7]",312,0,0,0,
BMI,FINANCIAL_RAW_FETCH_ONLY,CASH_FLOW,CACHED_RAW_RENORMALIZED,True,OK,"[49,7]",196,0,0,0,
BMP,NON_FINANCIAL,BALANCE_SHEET,CACHED_RAW_RENORMALIZED,True,OK,"[122,7]",408,0,0,0,
BMP,NON_FINANCIAL,INCOME_STATEMENT,CACHED_RAW_RENORMALIZED,True,OK,"[25,7]",100,0,0,0,
BMP,NON_FINANCIAL,CASH_FLOW,CACHED_RAW_RENORMALIZED,True,OK,"[41,7]",164,0,0,0,
BMS,FINANCIAL_RAW_FETCH_ONLY,BALANCE_SHEET,CACHED_RAW_RENORMALIZED,True,OK,"[208,7]",728,0,0,0,
BMS,FINANCIAL_RAW_FETCH_ONLY,INCOME_STATEMENT,CACHED_RAW_RENORMALIZED,True,OK,"[79,7]",300,0,0,0,
BMS,FINANCIAL_RAW_FETCH_ONLY,CASH_FLOW,CACHED_RAW_RENORMALIZED,True,OK,"[148,7]",492,0,0,0,
BNA,NON_FINANCIAL,BALANCE_SHEET,CACHED_RAW_RENORMALIZED,True,OK,"[122,7]",408,0,0,0,
BNA,NON_FINANCIAL,INCOME_STATEMENT,CACHED_RAW_RENORMALIZED,True,OK,"[25,7]",100,0,0,0,
BNA,NON_FINANCIAL,CASH_FLOW,CACHED_RAW_RENORMALIZED,True,OK,"[41,7]",164,0,0,0,
BOT,NON_FINANCIAL,BALANCE_SHEET,CACHED_RAW_RENORMALIZED,True,OK,"[122,7]",408,0,0,0,
BOT,NON_FINANCIAL,INCOME_STATEMENT,CACHED_RAW_RENORMALIZED,True,OK,"[25,7]",100,0,0,0,
BOT,NON_FINANCIAL,CASH_FLOW,CACHED_RAW_RENORMALIZED,True,OK,"[41,7]",164,0,0,0,
BSI,FINANCIAL_RAW_FETCH_ONLY,BALANCE_SHEET,CACHED_RAW_RENORMALIZED,True,OK,"[208,7]",728,0,0,0,
BSI,FINANCIAL_RAW_FETCH_ONLY,INCOME_STATEMENT,CACHED_RAW_RENORMALIZED,True,OK,"[79,7]",300,0,0,0,
BSI,FINANCIAL_RAW_FETCH_ONLY,CASH_FLOW,CACHED_RAW_RENORMALIZED,True,OK,"[148,7]",492,0,0,0,
BSR,NON_FINANCIAL,BALANCE_SHEET,CACHED_RAW_RENORMALIZED,True,OK,"[122,7]",408,0,0,0,
BSR,NON_FINANCIAL,INCOME_STATEMENT,CACHED_RAW_RENORMALIZED,True,OK,"[25,7]",100,0,0,0,
BSR,NON_FINANCIAL,CASH_FLOW,CACHED_RAW_RENORMALIZED,True,OK,"[41,7]",164,0,0,0,
BVB,FINANCIAL_RAW_FETCH_ONLY,BALANCE_SHEET,CACHED_RAW_RENORMALIZED,True,OK,"[86,7]",288,0,0,0,
BVB,FINANCIAL_RAW_FETCH_ONLY,INCOME_STATEMENT,CACHED_RAW_RENORMALIZED,True,OK,"[26,7]",104,0,0,0,
BVB,FINANCIAL_RAW_FETCH_ONLY,CASH_FLOW,CACHED_RAW_RENORMALIZED,True,OK,"[52,7]",208,0,0,0,
BVH,FINANCIAL_RAW_FETCH_ONLY,BALANCE_SHEET,CACHED_RAW_RENORMALIZED,True,REQUIRED_ITEM_AMBIGUOUS,"[151,7]",0,0,0,0,
BVH,FINANCIAL_RAW_FETCH_ONLY,INCOME_STATEMENT,CACHED_RAW_RENORMALIZED,True,OK,"[84,7]",312,0,0,0,
BVH,FINANCIAL_RAW_FETCH_ONLY,CASH_FLOW,CACHED_RAW_RENORMALIZED,True,OK,"[49,7]",196,0,0,0,
BVS,FINANCIAL_RAW_FETCH_ONLY,BALANCE_SHEET,CACHED_RAW_RENORMALIZED,True,OK,"[208,7]",728,0,0,0,
BVS,FINANCIAL_RAW_FETCH_ONLY,INCOME_STATEMENT,CACHED_RAW_RENORMALIZED,True,OK,"[79,7]",300,0,0,0,
BVS,FINANCIAL_RAW_FETCH_ONLY,CASH_FLOW,CACHED_RAW_RENORMALIZED,True,OK,"[148,7]",492,0,0,0,
BWE,NON_FINANCIAL,BALANCE_SHEET,CACHED_RAW_RENORMALIZED,True,OK,"[122,7]",408,0,0,0,
BWE,NON_FINANCIAL,INCOME_STATEMENT,CACHED_RAW_RENORMALIZED,True,OK,"[25,7]",100,0,0,0,
BWE,NON_FINANCIAL,CASH_FLOW,CACHED_RAW_RENORMALIZED,True,OK,"[41,7]",164,0,0,0,
C32,NON_FINANCIAL,BALANCE_SHEET,CACHED_RAW_RENORMALIZED,True,OK,"[122,7]",408,0,0,0,
C32,NON_FINANCIAL,INCOME_STATEMENT,CACHED_RAW_RENORMALIZED,True,OK,"[25,7]",100,0,0,0,
C32,NON_FINANCIAL,CASH_FLOW,CACHED_RAW_RENORMALIZED,True,OK,"[41,7]",164,0,0,0,
C4G,NON_FINANCIAL,BALANCE_SHEET,CACHED_RAW_RENORMALIZED,True,OK,"[122,7]",408,0,0,0,
C4G,NON_FINANCIAL,INCOME_STATEMENT,CACHED_RAW_RENORMALIZED,True,OK,"[25,7]",100,0,0,0,
C4G,NON_FINANCIAL,CASH_FLOW,CACHED_RAW_RENORMALIZED,True,OK,"[41,7]",164,0,0,0,
C69,NON_FINANCIAL,BALANCE_SHEET,CACHED_RAW_RENORMALIZED,True,OK,"[122,7]",408,0,0,0,
C69,NON_FINANCIAL,INCOME_STATEMENT,CACHED_RAW_RENORMALIZED,True,OK,"[25,7]",100,0,0,0,
C69,NON_FINANCIAL,CASH_FLOW,CACHED_RAW_RENORMALIZED,True,OK,"[41,7]",164,0,0,0,
CAP,NON_FINANCIAL,BALANCE_SHEET,CACHED_RAW_RENORMALIZED,True,OK,"[122,7]",408,0,0,0,
CAP,NON_FINANCIAL,INCOME_STATEMENT,CACHED_RAW_RENORMALIZED,True,OK,"[25,7]",100,0,0,0,
CAP,NON_FINANCIAL,CASH_FLOW,CACHED_RAW_RENORMALIZED,True,OK,"[41,7]",164,0,0,0,
CDC,NON_FINANCIAL,BALANCE_SHEET,CACHED_RAW_RENORMALIZED,True,OK,"[122,7]",408,0,0,0,
CDC,NON_FINANCIAL,INCOME_STATEMENT,CACHED_RAW_RENORMALIZED,True,OK,"[25,7]",100,0,0,0,
CDC,NON_FINANCIAL,CASH_FLOW,CACHED_RAW_RENORMALIZED,True,OK,"[41,7]",164,0,0,0,
CEO,NON_FINANCIAL,BALANCE_SHEET,CACHED_RAW_RENORMALIZED,True,OK,"[122,7]",408,0,0,0,
CEO,NON_FINANCIAL,INCOME_STATEMENT,CACHED_RAW_RENORMALIZED,True,OK,"[25,7]",100,0,0,0,
CEO,NON_FINANCIAL,CASH_FLOW,CACHED_RAW_RENORMALIZED,True,OK,"[41,7]",164,0,0,0,
CIG,NON_FINANCIAL,BALANCE_SHEET,CACHED_RAW_RENORMALIZED,True,OK,"[122,7]",408,0,0,0,
CIG,NON_FINANCIAL,INCOME_STATEMENT,CACHED_RAW_RENORMALIZED,True,OK,"[25,7]",100,0,0,0,
CIG,NON_FINANCIAL,CASH_FLOW,CACHED_RAW_RENORMALIZED,True,OK,"[41,7]",164,0,0,0,
CII,NON_FINANCIAL,BALANCE_SHEET,CACHED_RAW_RENORMALIZED,True,OK,"[122,7]",408,0,0,0,
CII,NON_FINANCIAL,INCOME_STATEMENT,CACHED_RAW_RENORMALIZED,True,OK,"[25,7]",100,0,0,0,
CII,NON_FINANCIAL,CASH_FLOW,CACHED_RAW_RENORMALIZED,True,OK,"[41,7]",164,0,0,0,
CLW,NON_FINANCIAL,BALANCE_SHEET,CACHED_RAW_RENORMALIZED,True,OK,"[122,7]",408,0,0,0,
CLW,NON_FINANCIAL,INCOME_STATEMENT,CACHED_RAW_RENORMALIZED,True,OK,"[25,7]",100,0,0,0,
CLW,NON_FINANCIAL,CASH_FLOW,CACHED_RAW_RENORMALIZED,True,OK,"[41,7]",164,0,0,0,
CLX,NON_FINANCIAL,BALANCE_SHEET,CACHED_RAW_RENORMALIZED,True,OK,"[122,7]",408,0,0,0,
CLX,NON_FINANCIAL,INCOME_STATEMENT,CACHED_RAW_RENORMALIZED,True,OK,"[25,7]",100,0,0,0,
CLX,NON_FINANCIAL,CASH_FLOW,CACHED_RAW_RENORMALIZED,True,OK,"[41,7]",164,0,0,0,
CMG,NON_FINANCIAL,BALANCE_SHEET,CACHED_RAW_RENORMALIZED,True,OK,"[122,7]",408,0,0,0,
CMG,NON_FINANCIAL,INCOME_STATEMENT,CACHED_RAW_RENORMALIZED,True,OK,"[25,7]",100,0,0,0,
CMG,NON_FINANCIAL,CASH_FLOW,CACHED_RAW_RENORMALIZED,True,OK,"[41,7]",164,0,0,0,
CMS,NON_FINANCIAL,BALANCE_SHEET,CACHED_RAW_RENORMALIZED,True,OK,"[122,7]",408,0,0,0,
CMS,NON_FINANCIAL,INCOME_STATEMENT,CACHED_RAW_RENORMALIZED,True,OK,"[25,7]",100,0,0,0,
CMS,NON_FINANCIAL,CASH_FLOW,CACHED_RAW_RENORMALIZED,True,OK,"[41,7]",164,0,0,0,
CQN,NON_FINANCIAL,BALANCE_SHEET,CACHED_RAW_RENORMALIZED,True,OK,"[122,7]",408,0,0,0,
CQN,NON_FINANCIAL,INCOME_STATEMENT,CACHED_RAW_RENORMALIZED,True,OK,"[25,7]",100,0,0,0,
CQN,NON_FINANCIAL,CASH_FLOW,CACHED_RAW_RENORMALIZED,True,OK,"[41,7]",164,0,0,0,
CRC,NON_FINANCIAL,BALANCE_SHEET,CACHED_RAW_RENORMALIZED,True,OK,"[122,7]",408,0,0,0,
CRC,NON_FINANCIAL,INCOME_STATEMENT,CACHED_RAW_RENORMALIZED,True,OK,"[25,7]",100,0,0,0,
CRC,NON_FINANCIAL,CASH_FLOW,CACHED_RAW_RENORMALIZED,True,OK,"[41,7]",164,0,0,0,
CRE,NON_FINANCIAL,BALANCE_SHEET,CACHED_RAW_RENORMALIZED,True,OK,"[122,7]",408,0,0,0,
CRE,NON_FINANCIAL,INCOME_STATEMENT,CACHED_RAW_RENORMALIZED,True,OK,"[25,7]",100,0,0,0,
CRE,NON_FINANCIAL,CASH_FLOW,CACHED_RAW_RENORMALIZED,True,OK,"[41,7]",164,0,0,0,
CSM,NON_FINANCIAL,BALANCE_SHEET,CACHED_RAW_RENORMALIZED,True,OK,"[122,7]",408,0,0,0,
CSM,NON_FINANCIAL,INCOME_STATEMENT,CACHED_RAW_RENORMALIZED,True,OK,"[25,7]",100,0,0,0,
CSM,NON_FINANCIAL,CASH_FLOW,CACHED_RAW_RENORMALIZED,True,OK,"[41,7]",164,0,0,0,
CSV,NON_FINANCIAL,BALANCE_SHEET,CACHED_RAW_RENORMALIZED,True,OK,"[122,7]",408,0,0,0,
CSV,NON_FINANCIAL,INCOME_STATEMENT,CACHED_RAW_RENORMALIZED,True,OK,"[25,7]",100,0,0,0,
CSV,NON_FINANCIAL,CASH_FLOW,CACHED_RAW_RENORMALIZED,True,OK,"[41,7]",164,0,0,0,
CTD,NON_FINANCIAL,BALANCE_SHEET,CACHED_RAW_RENORMALIZED,True,OK,"[122,7]",408,0,0,0,
CTD,NON_FINANCIAL,INCOME_STATEMENT,CACHED_RAW_RENORMALIZED,True,OK,"[25,7]",100,0,0,0,
CTD,NON_FINANCIAL,CASH_FLOW,CACHED_RAW_RENORMALIZED,True,OK,"[41,7]",164,0,0,0,
CTF,NON_FINANCIAL,BALANCE_SHEET,CACHED_RAW_RENORMALIZED,True,OK,"[122,7]",408,0,0,0,
CTF,NON_FINANCIAL,INCOME_STATEMENT,CACHED_RAW_RENORMALIZED,True,OK,"[25,7]",100,0,0,0,
CTF,NON_FINANCIAL,CASH_FLOW,CACHED_RAW_RENORMALIZED,True,OK,"[41,7]",164,0,0,0,
CTG,FINANCIAL_RAW_FETCH_ONLY,BALANCE_SHEET,CACHED_RAW_RENORMALIZED,True,OK,"[86,7]",288,0,0,0,
CTG,FINANCIAL_RAW_FETCH_ONLY,INCOME_STATEMENT,CACHED_RAW_RENORMALIZED,True,OK,"[26,7]",104,0,0,0,
CTG,FINANCIAL_RAW_FETCH_ONLY,CASH_FLOW,CACHED_RAW_RENORMALIZED,True,OK,"[52,7]",208,0,0,0,
CTI,NON_FINANCIAL,BALANCE_SHEET,CACHED_RAW_RENORMALIZED,True,OK,"[122,7]",408,0,0,0,
CTI,NON_FINANCIAL,INCOME_STATEMENT,CACHED_RAW_RENORMALIZED,True,OK,"[25,7]",100,0,0,0,
CTI,NON_FINANCIAL,CASH_FLOW,CACHED_RAW_RENORMALIZED,True,OK,"[41,7]",164,0,0,0,
CTP,NON_FINANCIAL,BALANCE_SHEET,CACHED_RAW_RENORMALIZED,True,OK,"[122,7]",408,0,0,0,
CTP,NON_FINANCIAL,INCOME_STATEMENT,CACHED_RAW_RENORMALIZED,True,OK,"[25,7]",100,0,0,0,
CTP,NON_FINANCIAL,CASH_FLOW,CACHED_RAW_RENORMALIZED,True,OK,"[41,7]",164,0,0,0,
CTR,NON_FINANCIAL,BALANCE_SHEET,CACHED_RAW_RENORMALIZED,True,OK,"[122,7]",408,0,0,0,
CTR,NON_FINANCIAL,INCOME_STATEMENT,CACHED_RAW_RENORMALIZED,True,OK,"[25,7]",100,0,0,0,
CTR,NON_FINANCIAL,CASH_FLOW,CACHED_RAW_RENORMALIZED,True,OK,"[41,7]",164,0,0,0,
CTS,FINANCIAL_RAW_FETCH_ONLY,BALANCE_SHEET,CACHED_RAW_RENORMALIZED,True,OK,"[208,7]",728,0,0,0,
CTS,FINANCIAL_RAW_FETCH_ONLY,INCOME_STATEMENT,CACHED_RAW_RENORMALIZED,True,OK,"[79,7]",300,0,0,0,
CTS,FINANCIAL_RAW_FETCH_ONLY,CASH_FLOW,CACHED_RAW_RENORMALIZED,True,OK,"[148,7]",492,0,0,0,
CVN,NON_FINANCIAL,BALANCE_SHEET,CACHED_RAW_RENORMALIZED,True,OK,"[122,7]",408,0,0,0,
CVN,NON_FINANCIAL,INCOME_STATEMENT,CACHED_RAW_RENORMALIZED,True,OK,"[25,7]",100,0,0,0,
CVN,NON_FINANCIAL,CASH_FLOW,CACHED_RAW_RENORMALIZED,True,OK,"[41,7]",164,0,0,0,
D2D,NON_FINANCIAL,BALANCE_SHEET,CACHED_RAW_RENORMALIZED,True,OK,"[122,7]",408,0,0,0,
D2D,NON_FINANCIAL,INCOME_STATEMENT,CACHED_RAW_RENORMALIZED,True,OK,"[25,7]",100,0,0,0,
D2D,NON_FINANCIAL,CASH_FLOW,CACHED_RAW_RENORMALIZED,True,OK,"[41,7]",164,0,0,0,
DAG,NON_FINANCIAL,BALANCE_SHEET,CACHED_RAW_RENORMALIZED,True,OK,"[122,7]",408,0,0,0,
DAG,NON_FINANCIAL,INCOME_STATEMENT,CACHED_RAW_RENORMALIZED,True,OK,"[25,7]",100,0,0,0,
DAG,NON_FINANCIAL,CASH_FLOW,CACHED_RAW_RENORMALIZED,True,OK,"[41,7]",164,0,0,0,
DBC,NON_FINANCIAL,BALANCE_SHEET,CACHED_RAW_RENORMALIZED,True,REQUIRED_ITEM_AMBIGUOUS,"[122,7]",0,0,0,0,
DBC,NON_FINANCIAL,INCOME_STATEMENT,CACHED_RAW_RENORMALIZED,True,OK,"[25,7]",100,0,0,0,
DBC,NON_FINANCIAL,CASH_FLOW,CACHED_RAW_RENORMALIZED,True,OK,"[41,7]",164,0,0,0,
DBD,NON_FINANCIAL,BALANCE_SHEET,CACHED_RAW_RENORMALIZED,True,OK,"[122,7]",408,0,0,0,
DBD,NON_FINANCIAL,INCOME_STATEMENT,CACHED_RAW_RENORMALIZED,True,OK,"[25,7]",100,0,0,0,
DBD,NON_FINANCIAL,CASH_FLOW,CACHED_RAW_RENORMALIZED,True,OK,"[41,7]",164,0,0,0,
DC4,NON_FINANCIAL,BALANCE_SHEET,CACHED_RAW_RENORMALIZED,True,OK,"[122,7]",408,0,0,0,
DC4,NON_FINANCIAL,INCOME_STATEMENT,CACHED_RAW_RENORMALIZED,True,OK,"[25,7]",100,0,0,0,
DC4,NON_FINANCIAL,CASH_FLOW,CACHED_RAW_RENORMALIZED,True,OK,"[41,7]",164,0,0,0,
DCL,NON_FINANCIAL,BALANCE_SHEET,CACHED_RAW_RENORMALIZED,True,OK,"[122,7]",408,0,0,0,
DCL,NON_FINANCIAL,INCOME_STATEMENT,CACHED_RAW_RENORMALIZED,True,OK,"[25,7]",100,0,0,0,
DCL,NON_FINANCIAL,CASH_FLOW,CACHED_RAW_RENORMALIZED,True,OK,"[41,7]",164,0,0,0,
DCM,NON_FINANCIAL,BALANCE_SHEET,CACHED_RAW_RENORMALIZED,True,OK,"[122,7]",408,0,0,0,
DCM,NON_FINANCIAL,INCOME_STATEMENT,CACHED_RAW_RENORMALIZED,True,OK,"[25,7]",100,0,0,0,
DCM,NON_FINANCIAL,CASH_FLOW,CACHED_RAW_RENORMALIZED,True,OK,"[41,7]",164,0,0,0,
DDB,NON_FINANCIAL,BALANCE_SHEET,CACHED_RAW_RENORMALIZED,True,OK,"[122,7]",408,0,0,0,
DDB,NON_FINANCIAL,INCOME_STATEMENT,CACHED_RAW_RENORMALIZED,True,OK,"[25,7]",100,0,0,0,
DDB,NON_FINANCIAL,CASH_FLOW,CACHED_RAW_RENORMALIZED,True,OK,"[41,7]",164,0,0,0,
DDG,NON_FINANCIAL,BALANCE_SHEET,CACHED_RAW_RENORMALIZED,True,OK,"[122,7]",408,0,0,0,
DDG,NON_FINANCIAL,INCOME_STATEMENT,CACHED_RAW_RENORMALIZED,True,OK,"[25,7]",100,0,0,0,
DDG,NON_FINANCIAL,CASH_FLOW,CACHED_RAW_RENORMALIZED,True,OK,"[41,7]",164,0,0,0,
DDV,NON_FINANCIAL,BALANCE_SHEET,CACHED_RAW_RENORMALIZED,True,OK,"[122,7]",408,0,0,0,
DDV,NON_FINANCIAL,INCOME_STATEMENT,CACHED_RAW_RENORMALIZED,True,OK,"[25,7]",100,0,0,0,
DDV,NON_FINANCIAL,CASH_FLOW,CACHED_RAW_RENORMALIZED,True,OK,"[41,7]",164,0,0,0,
DFF,NON_FINANCIAL,BALANCE_SHEET,CACHED_RAW_RENORMALIZED,True,OK,"[122,7]",408,0,0,0,
DFF,NON_FINANCIAL,INCOME_STATEMENT,CACHED_RAW_RENORMALIZED,True,OK,"[25,7]",100,0,0,0,
DFF,NON_FINANCIAL,CASH_FLOW,CACHED_RAW_RENORMALIZED,True,OK,"[41,7]",164,0,0,0,
DGC,NON_FINANCIAL,BALANCE_SHEET,CACHED_RAW_RENORMALIZED,True,OK,"[122,7]",408,0,0,0,
DGC,NON_FINANCIAL,INCOME_STATEMENT,CACHED_RAW_RENORMALIZED,True,OK,"[25,7]",100,0,0,0,
DGC,NON_FINANCIAL,CASH_FLOW,CACHED_RAW_RENORMALIZED,True,OK,"[41,7]",164,0,0,0,
DGW,NON_FINANCIAL,BALANCE_SHEET,CACHED_RAW_RENORMALIZED,True,OK,"[122,7]",408,0,0,0,
DGW,NON_FINANCIAL,INCOME_STATEMENT,CACHED_RAW_RENORMALIZED,True,OK,"[25,7]",100,0,0,0,
DGW,NON_FINANCIAL,CASH_FLOW,CACHED_RAW_RENORMALIZED,True,OK,"[41,7]",164,0,0,0,
DHA,NON_FINANCIAL,BALANCE_SHEET,CACHED_RAW_RENORMALIZED,True,OK,"[122,7]",408,0,0,0,
DHA,NON_FINANCIAL,INCOME_STATEMENT,CACHED_RAW_RENORMALIZED,True,OK,"[25,7]",100,0,0,0,
DHA,NON_FINANCIAL,CASH_FLOW,CACHED_RAW_RENORMALIZED,True,OK,"[41,7]",164,0,0,0,
DHC,NON_FINANCIAL,BALANCE_SHEET,CACHED_RAW_RENORMALIZED,True,OK,"[122,7]",408,0,0,0,
DHC,NON_FINANCIAL,INCOME_STATEMENT,CACHED_RAW_RENORMALIZED,True,OK,"[25,7]",100,0,0,0,
DHC,NON_FINANCIAL,CASH_FLOW,CACHED_RAW_RENORMALIZED,True,OK,"[41,7]",164,0,0,0,
DHG,NON_FINANCIAL,BALANCE_SHEET,CACHED_RAW_RENORMALIZED,True,OK,"[122,7]",408,0,0,0,
DHG,NON_FINANCIAL,INCOME_STATEMENT,CACHED_RAW_RENORMALIZED,True,OK,"[25,7]",100,0,0,0,
DHG,NON_FINANCIAL,CASH_FLOW,CACHED_RAW_RENORMALIZED,True,OK,"[41,7]",164,0,0,0,
DIG,NON_FINANCIAL,BALANCE_SHEET,CACHED_RAW_RENORMALIZED,True,OK,"[122,7]",408,0,0,0,
DIG,NON_FINANCIAL,INCOME_STATEMENT,CACHED_RAW_RENORMALIZED,True,OK,"[25,7]",100,0,0,0,
DIG,NON_FINANCIAL,CASH_FLOW,CACHED_RAW_RENORMALIZED,True,OK,"[41,7]",164,0,0,0,
DL1,NON_FINANCIAL,BALANCE_SHEET,CACHED_RAW_RENORMALIZED,True,OK,"[122,7]",408,0,0,0,
DL1,NON_FINANCIAL,INCOME_STATEMENT,CACHED_RAW_RENORMALIZED,True,OK,"[25,7]",100,0,0,0,
DL1,NON_FINANCIAL,CASH_FLOW,CACHED_RAW_RENORMALIZED,True,OK,"[41,7]",164,0,0,0,
DLG,NON_FINANCIAL,BALANCE_SHEET,CACHED_RAW_RENORMALIZED,True,OK,"[122,7]",408,0,0,0,
DLG,NON_FINANCIAL,INCOME_STATEMENT,CACHED_RAW_RENORMALIZED,True,OK,"[25,7]",100,0,0,0,
DLG,NON_FINANCIAL,CASH_FLOW,CACHED_RAW_RENORMALIZED,True,OK,"[41,7]",164,0,0,0,
DP3,NON_FINANCIAL,BALANCE_SHEET,CACHED_RAW_RENORMALIZED,True,OK,"[122,7]",408,0,0,0,
DP3,NON_FINANCIAL,INCOME_STATEMENT,CACHED_RAW_RENORMALIZED,True,OK,"[25,7]",100,0,0,0,
DP3,NON_FINANCIAL,CASH_FLOW,CACHED_RAW_RENORMALIZED,True,OK,"[41,7]",164,0,0,0,
DPG,NON_FINANCIAL,BALANCE_SHEET,CACHED_RAW_RENORMALIZED,True,OK,"[122,7]",408,0,0,0,
DPG,NON_FINANCIAL,INCOME_STATEMENT,CACHED_RAW_RENORMALIZED,True,OK,"[25,7]",100,0,0,0,
DPG,NON_FINANCIAL,CASH_FLOW,CACHED_RAW_RENORMALIZED,True,OK,"[41,7]",164,0,0,0,
DPM,NON_FINANCIAL,BALANCE_SHEET,CACHED_RAW_RENORMALIZED,True,OK,"[122,7]",408,0,0,0,
DPM,NON_FINANCIAL,INCOME_STATEMENT,CACHED_RAW_RENORMALIZED,True,OK,"[25,7]",100,0,0,0,
DPM,NON_FINANCIAL,CASH_FLOW,CACHED_RAW_RENORMALIZED,True,OK,"[41,7]",164,0,0,0,
DPR,NON_FINANCIAL,BALANCE_SHEET,CACHED_RAW_RENORMALIZED,True,OK,"[122,7]",408,0,0,0,
DPR,NON_FINANCIAL,INCOME_STATEMENT,CACHED_RAW_RENORMALIZED,True,OK,"[25,7]",100,0,0,0,
DPR,NON_FINANCIAL,CASH_FLOW,CACHED_RAW_RENORMALIZED,True,OK,"[41,7]",164,0,0,0,
DRC,NON_FINANCIAL,BALANCE_SHEET,CACHED_RAW_RENORMALIZED,True,OK,"[122,7]",408,0,0,0,
DRC,NON_FINANCIAL,INCOME_STATEMENT,CACHED_RAW_RENORMALIZED,True,OK,"[25,7]",100,0,0,0,
DRC,NON_FINANCIAL,CASH_FLOW,CACHED_RAW_RENORMALIZED,True,OK,"[41,7]",164,0,0,0,
DRI,NON_FINANCIAL,BALANCE_SHEET,CACHED_RAW_RENORMALIZED,True,OK,"[122,7]",408,0,0,0,
DRI,NON_FINANCIAL,INCOME_STATEMENT,CACHED_RAW_RENORMALIZED,True,OK,"[25,7]",100,0,0,0,
DRI,NON_FINANCIAL,CASH_FLOW,CACHED_RAW_RENORMALIZED,True,OK,"[41,7]",164,0,0,0,
DSE,FINANCIAL_RAW_FETCH_ONLY,BALANCE_SHEET,CACHED_RAW_RENORMALIZED,True,OK,"[208,7]",728,0,0,0,
DSE,FINANCIAL_RAW_FETCH_ONLY,INCOME_STATEMENT,CACHED_RAW_RENORMALIZED,True,OK,"[79,7]",300,0,0,0,
DSE,FINANCIAL_RAW_FETCH_ONLY,CASH_FLOW,CACHED_RAW_RENORMALIZED,True,OK,"[148,7]",492,0,0,0,
DSH,NON_FINANCIAL,BALANCE_SHEET,CACHED_RAW_RENORMALIZED,True,REQUIRED_ITEM_AMBIGUOUS,"[122,5]",0,0,0,0,
DSH,NON_FINANCIAL,INCOME_STATEMENT,CACHED_RAW_RENORMALIZED,True,OK,"[25,4]",25,0,0,0,
DSH,NON_FINANCIAL,CASH_FLOW,CACHED_RAW_RENORMALIZED,True,OK,"[41,4]",41,0,0,0,
DST,NON_FINANCIAL,BALANCE_SHEET,CACHED_RAW_RENORMALIZED,True,OK,"[122,7]",408,0,0,0,
DST,NON_FINANCIAL,INCOME_STATEMENT,CACHED_RAW_RENORMALIZED,True,OK,"[25,7]",100,0,0,0,
DST,NON_FINANCIAL,CASH_FLOW,CACHED_RAW_RENORMALIZED,True,OK,"[41,7]",164,0,0,0,
DTD,NON_FINANCIAL,BALANCE_SHEET,CACHED_RAW_RENORMALIZED,True,OK,"[122,7]",408,0,0,0,
DTD,NON_FINANCIAL,INCOME_STATEMENT,CACHED_RAW_RENORMALIZED,True,OK,"[25,7]",100,0,0,0,
DTD,NON_FINANCIAL,CASH_FLOW,CACHED_RAW_RENORMALIZED,True,OK,"[41,7]",164,0,0,0,
DVM,NON_FINANCIAL,BALANCE_SHEET,CACHED_RAW_RENORMALIZED,True,OK,"[122,7]",408,0,0,0,
DVM,NON_FINANCIAL,INCOME_STATEMENT,CACHED_RAW_RENORMALIZED,True,OK,"[25,7]",100,0,0,0,
DVM,NON_FINANCIAL,CASH_FLOW,CACHED_RAW_RENORMALIZED,True,OK,"[41,7]",164,0,0,0,
DVP,NON_FINANCIAL,BALANCE_SHEET,CACHED_RAW_RENORMALIZED,True,OK,"[122,7]",408,0,0,0,
DVP,NON_FINANCIAL,INCOME_STATEMENT,CACHED_RAW_RENORMALIZED,True,OK,"[25,7]",100,0,0,0,
DVP,NON_FINANCIAL,CASH_FLOW,CACHED_RAW_RENORMALIZED,True,OK,"[41,7]",164,0,0,0,
DXG,NON_FINANCIAL,BALANCE_SHEET,CACHED_RAW_RENORMALIZED,True,OK,"[122,7]",408,0,0,0,
DXG,NON_FINANCIAL,INCOME_STATEMENT,CACHED_RAW_RENORMALIZED,True,OK,"[25,7]",100,0,0,0,
DXG,NON_FINANCIAL,CASH_FLOW,CACHED_RAW_RENORMALIZED,True,OK,"[41,7]",164,0,0,0,
DXP,NON_FINANCIAL,BALANCE_SHEET,CACHED_RAW_RENORMALIZED,True,OK,"[122,7]",408,0,0,0,
DXP,NON_FINANCIAL,INCOME_STATEMENT,CACHED_RAW_RENORMALIZED,True,OK,"[25,7]",100,0,0,0,
DXP,NON_FINANCIAL,CASH_FLOW,CACHED_RAW_RENORMALIZED,True,OK,"[41,7]",164,0,0,0,
DXS,NON_FINANCIAL,BALANCE_SHEET,CACHED_RAW_RENORMALIZED,True,OK,"[122,7]",408,0,0,0,
DXS,NON_FINANCIAL,INCOME_STATEMENT,CACHED_RAW_RENORMALIZED,True,OK,"[25,7]",100,0,0,0,
DXS,NON_FINANCIAL,CASH_FLOW,CACHED_RAW_RENORMALIZED,True,OK,"[41,7]",164,0,0,0,
EIB,FINANCIAL_RAW_FETCH_ONLY,BALANCE_SHEET,CACHED_RAW_RENORMALIZED,True,OK,"[86,7]",288,0,0,0,
EIB,FINANCIAL_RAW_FETCH_ONLY,INCOME_STATEMENT,CACHED_RAW_RENORMALIZED,True,OK,"[26,7]",104,0,0,0,
EIB,FINANCIAL_RAW_FETCH_ONLY,CASH_FLOW,CACHED_RAW_RENORMALIZED,True,OK,"[52,7]",208,0,0,0,
ELC,NON_FINANCIAL,BALANCE_SHEET,CACHED_RAW_RENORMALIZED,True,OK,"[122,7]",408,0,0,0,
ELC,NON_FINANCIAL,INCOME_STATEMENT,CACHED_RAW_RENORMALIZED,True,OK,"[25,7]",100,0,0,0,
ELC,NON_FINANCIAL,CASH_FLOW,CACHED_RAW_RENORMALIZED,True,OK,"[41,7]",164,0,0,0,
EVF,FINANCIAL_RAW_FETCH_ONLY,BALANCE_SHEET,CACHED_RAW_RENORMALIZED,True,OK,"[86,7]",288,0,0,0,
EVF,FINANCIAL_RAW_FETCH_ONLY,INCOME_STATEMENT,CACHED_RAW_RENORMALIZED,True,OK,"[26,7]",104,0,0,0,
EVF,FINANCIAL_RAW_FETCH_ONLY,CASH_FLOW,CACHED_RAW_RENORMALIZED,True,OK,"[52,7]",208,0,0,0,
EVG,NON_FINANCIAL,BALANCE_SHEET,CACHED_RAW_RENORMALIZED,True,OK,"[122,7]",408,0,0,0,
EVG,NON_FINANCIAL,INCOME_STATEMENT,CACHED_RAW_RENORMALIZED,True,OK,"[25,7]",100,0,0,0,
EVG,NON_FINANCIAL,CASH_FLOW,CACHED_RAW_RENORMALIZED,True,OK,"[41,7]",164,0,0,0,
EVS,FINANCIAL_RAW_FETCH_ONLY,BALANCE_SHEET,CACHED_RAW_RENORMALIZED,True,OK,"[208,7]",728,0,0,0,
EVS,FINANCIAL_RAW_FETCH_ONLY,INCOME_STATEMENT,CACHED_RAW_RENORMALIZED,True,OK,"[79,7]",300,0,0,0,
EVS,FINANCIAL_RAW_FETCH_ONLY,CASH_FLOW,CACHED_RAW_RENORMALIZED,True,OK,"[148,7]",492,0,0,0,
F88,FINANCIAL_RAW_FETCH_ONLY,BALANCE_SHEET,CACHED_RAW_RENORMALIZED,True,OK,"[122,6]",306,0,0,0,
F88,FINANCIAL_RAW_FETCH_ONLY,INCOME_STATEMENT,CACHED_RAW_RENORMALIZED,True,OK,"[25,7]",100,0,0,0,
F88,FINANCIAL_RAW_FETCH_ONLY,CASH_FLOW,CACHED_RAW_RENORMALIZED,True,OK,"[41,6]",123,0,0,0,
FCN,NON_FINANCIAL,BALANCE_SHEET,CACHED_RAW_RENORMALIZED,True,OK,"[122,7]",408,0,0,0,
FCN,NON_FINANCIAL,INCOME_STATEMENT,CACHED_RAW_RENORMALIZED,True,OK,"[25,7]",100,0,0,0,
FCN,NON_FINANCIAL,CASH_FLOW,CACHED_RAW_RENORMALIZED,True,OK,"[41,7]",164,0,0,0,
FIR,NON_FINANCIAL,BALANCE_SHEET,CACHED_RAW_RENORMALIZED,True,OK,"[122,7]",408,0,0,0,
FIR,NON_FINANCIAL,INCOME_STATEMENT,CACHED_RAW_RENORMALIZED,True,OK,"[25,7]",100,0,0,0,
FIR,NON_FINANCIAL,CASH_FLOW,CACHED_RAW_RENORMALIZED,True,OK,"[41,7]",164,0,0,0,
FIT,NON_FINANCIAL,BALANCE_SHEET,CACHED_RAW_RENORMALIZED,True,OK,"[122,7]",408,0,0,0,
FIT,NON_FINANCIAL,INCOME_STATEMENT,CACHED_RAW_RENORMALIZED,True,OK,"[25,7]",100,0,0,0,
FIT,NON_FINANCIAL,CASH_FLOW,CACHED_RAW_RENORMALIZED,True,OK,"[41,7]",164,0,0,0,
FMC,NON_FINANCIAL,BALANCE_SHEET,CACHED_RAW_RENORMALIZED,True,OK,"[122,7]",408,0,0,0,
FMC,NON_FINANCIAL,INCOME_STATEMENT,CACHED_RAW_RENORMALIZED,True,OK,"[25,7]",100,0,0,0,
FMC,NON_FINANCIAL,CASH_FLOW,CACHED_RAW_RENORMALIZED,True,OK,"[41,7]",164,0,0,0,
FOC,NON_FINANCIAL,BALANCE_SHEET,CACHED_RAW_RENORMALIZED,True,OK,"[122,7]",408,0,0,0,
FOC,NON_FINANCIAL,INCOME_STATEMENT,CACHED_RAW_RENORMALIZED,True,OK,"[25,7]",100,0,0,0,
FOC,NON_FINANCIAL,CASH_FLOW,CACHED_RAW_RENORMALIZED,True,OK,"[41,7]",164,0,0,0,
FOX,NON_FINANCIAL,BALANCE_SHEET,CACHED_RAW_RENORMALIZED,True,OK,"[122,7]",408,0,0,0,
FOX,NON_FINANCIAL,INCOME_STATEMENT,CACHED_RAW_RENORMALIZED,True,OK,"[25,7]",100,0,0,0,
FOX,NON_FINANCIAL,CASH_FLOW,CACHED_RAW_RENORMALIZED,True,OK,"[41,7]",164,0,0,0,
FPT,NON_FINANCIAL,BALANCE_SHEET,CACHED_RAW_RENORMALIZED,True,OK,"[122,7]",408,0,0,0,
FPT,NON_FINANCIAL,INCOME_STATEMENT,CACHED_RAW_RENORMALIZED,True,OK,"[25,7]",100,0,0,0,
FPT,NON_FINANCIAL,CASH_FLOW,CACHED_RAW_RENORMALIZED,True,OK,"[41,7]",164,0,0,0,
FRT,NON_FINANCIAL,BALANCE_SHEET,CACHED_RAW_RENORMALIZED,True,OK,"[122,7]",408,0,0,0,
FRT,NON_FINANCIAL,INCOME_STATEMENT,CACHED_RAW_RENORMALIZED,True,OK,"[25,7]",100,0,0,0,
FRT,NON_FINANCIAL,CASH_FLOW,CACHED_RAW_RENORMALIZED,True,OK,"[41,7]",164,0,0,0,
FTS,FINANCIAL_RAW_FETCH_ONLY,BALANCE_SHEET,CACHED_RAW_RENORMALIZED,True,OK,"[208,7]",728,0,0,0,
FTS,FINANCIAL_RAW_FETCH_ONLY,INCOME_STATEMENT,CACHED_RAW_RENORMALIZED,True,OK,"[79,7]",300,0,0,0,
FTS,FINANCIAL_RAW_FETCH_ONLY,CASH_FLOW,CACHED_RAW_RENORMALIZED,True,OK,"[148,7]",492,0,0,0,
G36,NON_FINANCIAL,BALANCE_SHEET,CACHED_RAW_RENORMALIZED,True,OK,"[122,7]",408,0,0,0,
G36,NON_FINANCIAL,INCOME_STATEMENT,CACHED_RAW_RENORMALIZED,True,OK,"[25,7]",100,0,0,0,
G36,NON_FINANCIAL,CASH_FLOW,CACHED_RAW_RENORMALIZED,True,OK,"[41,7]",164,0,0,0,
GAS,NON_FINANCIAL,BALANCE_SHEET,CACHED_RAW_RENORMALIZED,True,OK,"[122,7]",408,0,0,0,
GAS,NON_FINANCIAL,INCOME_STATEMENT,CACHED_RAW_RENORMALIZED,True,OK,"[25,7]",100,0,0,0,
GAS,NON_FINANCIAL,CASH_FLOW,CACHED_RAW_RENORMALIZED,True,OK,"[41,7]",164,0,0,0,
GCF,NON_FINANCIAL,BALANCE_SHEET,CACHED_RAW_RENORMALIZED,True,OK,"[122,7]",408,0,0,0,
GCF,NON_FINANCIAL,INCOME_STATEMENT,CACHED_RAW_RENORMALIZED,True,OK,"[25,7]",100,0,0,0,
GCF,NON_FINANCIAL,CASH_FLOW,CACHED_RAW_RENORMALIZED,True,OK,"[41,7]",164,0,0,0,
GEE,NON_FINANCIAL,BALANCE_SHEET,CACHED_RAW_RENORMALIZED,True,OK,"[122,7]",408,0,0,0,
GEE,NON_FINANCIAL,INCOME_STATEMENT,CACHED_RAW_RENORMALIZED,True,OK,"[25,7]",100,0,0,0,
GEE,NON_FINANCIAL,CASH_FLOW,CACHED_RAW_RENORMALIZED,True,OK,"[41,7]",164,0,0,0,
GEG,NON_FINANCIAL,BALANCE_SHEET,CACHED_RAW_RENORMALIZED,True,OK,"[122,7]",408,0,0,0,
GEG,NON_FINANCIAL,INCOME_STATEMENT,CACHED_RAW_RENORMALIZED,True,OK,"[25,7]",100,0,0,0,
GEG,NON_FINANCIAL,CASH_FLOW,CACHED_RAW_RENORMALIZED,True,OK,"[41,7]",164,0,0,0,
GEX,NON_FINANCIAL,BALANCE_SHEET,CACHED_RAW_RENORMALIZED,True,OK,"[122,7]",408,0,0,0,
GEX,NON_FINANCIAL,INCOME_STATEMENT,CACHED_RAW_RENORMALIZED,True,OK,"[25,7]",100,0,0,0,
GEX,NON_FINANCIAL,CASH_FLOW,CACHED_RAW_RENORMALIZED,True,OK,"[41,7]",164,0,0,0,
GIL,NON_FINANCIAL,BALANCE_SHEET,CACHED_RAW_RENORMALIZED,True,OK,"[122,7]",408,0,0,0,
GIL,NON_FINANCIAL,INCOME_STATEMENT,CACHED_RAW_RENORMALIZED,True,OK,"[25,7]",100,0,0,0,
GIL,NON_FINANCIAL,CASH_FLOW,CACHED_RAW_RENORMALIZED,True,OK,"[41,7]",164,0,0,0,
GKM,NON_FINANCIAL,BALANCE_SHEET,CACHED_RAW_RENORMALIZED,True,OK,"[122,7]",408,0,0,0,
GKM,NON_FINANCIAL,INCOME_STATEMENT,CACHED_RAW_RENORMALIZED,True,OK,"[25,7]",100,0,0,0,
GKM,NON_FINANCIAL,CASH_FLOW,CACHED_RAW_RENORMALIZED,True,OK,"[41,7]",164,0,0,0,
GMD,NON_FINANCIAL,BALANCE_SHEET,CACHED_RAW_RENORMALIZED,True,OK,"[122,7]",408,0,0,0,
GMD,NON_FINANCIAL,INCOME_STATEMENT,CACHED_RAW_RENORMALIZED,True,OK,"[25,7]",100,0,0,0,
GMD,NON_FINANCIAL,CASH_FLOW,CACHED_RAW_RENORMALIZED,True,OK,"[41,7]",164,0,0,0,
GTD,NON_FINANCIAL,BALANCE_SHEET,CACHED_RAW_RENORMALIZED,False,MISSING_DATA,"[0,0]",0,0,0,0,raw statement is empty or absent
GTD,NON_FINANCIAL,INCOME_STATEMENT,CACHED_RAW_RENORMALIZED,False,MISSING_DATA,"[0,0]",0,0,0,0,raw statement is empty or absent
GTD,NON_FINANCIAL,CASH_FLOW,CACHED_RAW_RENORMALIZED,False,MISSING_DATA,"[0,0]",0,0,0,0,raw statement is empty or absent
GVR,NON_FINANCIAL,BALANCE_SHEET,CACHED_RAW_RENORMALIZED,True,OK,"[122,7]",408,0,0,0,
GVR,NON_FINANCIAL,INCOME_STATEMENT,CACHED_RAW_RENORMALIZED,True,OK,"[25,7]",100,0,0,0,
GVR,NON_FINANCIAL,CASH_FLOW,CACHED_RAW_RENORMALIZED,True,OK,"[41,7]",164,0,0,0,
HAG,NON_FINANCIAL,BALANCE_SHEET,CACHED_RAW_RENORMALIZED,True,OK,"[122,7]",408,0,0,0,
HAG,NON_FINANCIAL,INCOME_STATEMENT,CACHED_RAW_RENORMALIZED,True,OK,"[25,7]",100,0,0,0,
HAG,NON_FINANCIAL,CASH_FLOW,CACHED_RAW_RENORMALIZED,True,OK,"[41,7]",164,0,0,0,
HAH,NON_FINANCIAL,BALANCE_SHEET,CACHED_RAW_RENORMALIZED,True,OK,"[122,7]",408,0,0,0,
HAH,NON_FINANCIAL,INCOME_STATEMENT,CACHED_RAW_RENORMALIZED,True,OK,"[25,7]",100,0,0,0,
HAH,NON_FINANCIAL,CASH_FLOW,CACHED_RAW_RENORMALIZED,True,OK,"[41,7]",164,0,0,0,
HAX,NON_FINANCIAL,BALANCE_SHEET,CACHED_RAW_RENORMALIZED,True,OK,"[122,7]",408,0,0,0,
HAX,NON_FINANCIAL,INCOME_STATEMENT,CACHED_RAW_RENORMALIZED,True,OK,"[25,7]",100,0,0,0,
HAX,NON_FINANCIAL,CASH_FLOW,CACHED_RAW_RENORMALIZED,True,OK,"[41,7]",164,0,0,0,
HBC,NON_FINANCIAL,BALANCE_SHEET,CACHED_RAW_RENORMALIZED,True,OK,"[122,7]",408,0,0,0,
HBC,NON_FINANCIAL,INCOME_STATEMENT,CACHED_RAW_RENORMALIZED,True,OK,"[25,7]",100,0,0,0,
HBC,NON_FINANCIAL,CASH_FLOW,CACHED_RAW_RENORMALIZED,True,OK,"[41,7]",164,0,0,0,
HCM,FINANCIAL_RAW_FETCH_ONLY,BALANCE_SHEET,CACHED_RAW_RENORMALIZED,True,OK,"[208,7]",728,0,0,0,
HCM,FINANCIAL_RAW_FETCH_ONLY,INCOME_STATEMENT,CACHED_RAW_RENORMALIZED,True,OK,"[79,7]",300,0,0,0,
HCM,FINANCIAL_RAW_FETCH_ONLY,CASH_FLOW,CACHED_RAW_RENORMALIZED,True,OK,"[148,7]",492,0,0,0,
HDB,FINANCIAL_RAW_FETCH_ONLY,BALANCE_SHEET,CACHED_RAW_RENORMALIZED,True,OK,"[86,7]",288,0,0,0,
HDB,FINANCIAL_RAW_FETCH_ONLY,INCOME_STATEMENT,CACHED_RAW_RENORMALIZED,True,OK,"[26,7]",104,0,0,0,
HDB,FINANCIAL_RAW_FETCH_ONLY,CASH_FLOW,CACHED_RAW_RENORMALIZED,True,OK,"[52,7]",208,0,0,0,
HDC,NON_FINANCIAL,BALANCE_SHEET,CACHED_RAW_RENORMALIZED,True,OK,"[122,7]",408,0,0,0,
HDC,NON_FINANCIAL,INCOME_STATEMENT,CACHED_RAW_RENORMALIZED,True,OK,"[25,7]",100,0,0,0,
HDC,NON_FINANCIAL,CASH_FLOW,CACHED_RAW_RENORMALIZED,True,OK,"[41,7]",164,0,0,0,
HDG,NON_FINANCIAL,BALANCE_SHEET,CACHED_RAW_RENORMALIZED,True,OK,"[122,7]",408,0,0,0,
HDG,NON_FINANCIAL,INCOME_STATEMENT,CACHED_RAW_RENORMALIZED,True,OK,"[25,7]",100,0,0,0,
HDG,NON_FINANCIAL,CASH_FLOW,CACHED_RAW_RENORMALIZED,True,OK,"[41,7]",164,0,0,0,
HHC,NON_FINANCIAL,BALANCE_SHEET,CACHED_RAW_RENORMALIZED,True,OK,"[122,7]",408,0,0,0,
HHC,NON_FINANCIAL,INCOME_STATEMENT,CACHED_RAW_RENORMALIZED,True,OK,"[25,7]",100,0,0,0,
HHC,NON_FINANCIAL,CASH_FLOW,CACHED_RAW_RENORMALIZED,True,OK,"[41,7]",164,0,0,0,
HHP,NON_FINANCIAL,BALANCE_SHEET,CACHED_RAW_RENORMALIZED,True,OK,"[122,7]",408,0,0,0,
HHP,NON_FINANCIAL,INCOME_STATEMENT,CACHED_RAW_RENORMALIZED,True,OK,"[25,7]",100,0,0,0,
HHP,NON_FINANCIAL,CASH_FLOW,CACHED_RAW_RENORMALIZED,True,OK,"[41,7]",164,0,0,0,
HHS,NON_FINANCIAL,BALANCE_SHEET,CACHED_RAW_RENORMALIZED,True,OK,"[122,7]",408,0,0,0,
HHS,NON_FINANCIAL,INCOME_STATEMENT,CACHED_RAW_RENORMALIZED,True,OK,"[25,7]",100,0,0,0,
HHS,NON_FINANCIAL,CASH_FLOW,CACHED_RAW_RENORMALIZED,True,OK,"[41,7]",164,0,0,0,
HHV,NON_FINANCIAL,BALANCE_SHEET,CACHED_RAW_RENORMALIZED,True,OK,"[122,7]",408,0,0,0,
HHV,NON_FINANCIAL,INCOME_STATEMENT,CACHED_RAW_RENORMALIZED,True,OK,"[25,7]",100,0,0,0,
HHV,NON_FINANCIAL,CASH_FLOW,CACHED_RAW_RENORMALIZED,True,OK,"[41,7]",164,0,0,0,
HID,NON_FINANCIAL,BALANCE_SHEET,CACHED_RAW_RENORMALIZED,True,OK,"[122,7]",408,0,0,0,
HID,NON_FINANCIAL,INCOME_STATEMENT,CACHED_RAW_RENORMALIZED,True,OK,"[25,7]",100,0,0,0,
HID,NON_FINANCIAL,CASH_FLOW,CACHED_RAW_RENORMALIZED,True,OK,"[41,7]",164,0,0,0,
HII,NON_FINANCIAL,BALANCE_SHEET,CACHED_RAW_RENORMALIZED,True,OK,"[122,7]",408,0,0,0,
HII,NON_FINANCIAL,INCOME_STATEMENT,CACHED_RAW_RENORMALIZED,True,OK,"[25,7]",100,0,0,0,
HII,NON_FINANCIAL,CASH_FLOW,CACHED_RAW_RENORMALIZED,True,OK,"[41,7]",164,0,0,0,
HNG,NON_FINANCIAL,BALANCE_SHEET,CACHED_RAW_RENORMALIZED,True,OK,"[122,7]",408,0,0,0,
HNG,NON_FINANCIAL,INCOME_STATEMENT,CACHED_RAW_RENORMALIZED,True,OK,"[25,7]",100,0,0,0,
HNG,NON_FINANCIAL,CASH_FLOW,CACHED_RAW_RENORMALIZED,True,OK,"[41,7]",164,0,0,0,
HNM,NON_FINANCIAL,BALANCE_SHEET,CACHED_RAW_RENORMALIZED,True,OK,"[122,7]",408,0,0,0,
HNM,NON_FINANCIAL,INCOME_STATEMENT,CACHED_RAW_RENORMALIZED,True,OK,"[25,7]",100,0,0,0,
HNM,NON_FINANCIAL,CASH_FLOW,CACHED_RAW_RENORMALIZED,True,OK,"[41,7]",164,0,0,0,
HPG,NON_FINANCIAL,BALANCE_SHEET,CACHED_RAW_RENORMALIZED,True,OK,"[122,7]",408,0,0,0,
HPG,NON_FINANCIAL,INCOME_STATEMENT,CACHED_RAW_RENORMALIZED,True,OK,"[25,7]",100,0,0,0,
HPG,NON_FINANCIAL,CASH_FLOW,CACHED_RAW_RENORMALIZED,True,OK,"[41,7]",164,0,0,0,
HPX,NON_FINANCIAL,BALANCE_SHEET,CACHED_RAW_RENORMALIZED,True,OK,"[122,7]",408,0,0,0,
HPX,NON_FINANCIAL,INCOME_STATEMENT,CACHED_RAW_RENORMALIZED,True,OK,"[25,7]",100,0,0,0,
HPX,NON_FINANCIAL,CASH_FLOW,CACHED_RAW_RENORMALIZED,True,OK,"[41,7]",164,0,0,0,
HQC,NON_FINANCIAL,BALANCE_SHEET,CACHED_RAW_RENORMALIZED,True,OK,"[122,7]",408,0,0,0,
HQC,NON_FINANCIAL,INCOME_STATEMENT,CACHED_RAW_RENORMALIZED,True,OK,"[25,7]",100,0,0,0,
HQC,NON_FINANCIAL,CASH_FLOW,CACHED_RAW_RENORMALIZED,True,OK,"[41,7]",164,0,0,0,
HSG,NON_FINANCIAL,BALANCE_SHEET,CACHED_RAW_RENORMALIZED,True,OK,"[122,7]",408,0,0,0,
HSG,NON_FINANCIAL,INCOME_STATEMENT,CACHED_RAW_RENORMALIZED,True,OK,"[25,7]",100,0,0,0,
HSG,NON_FINANCIAL,CASH_FLOW,CACHED_RAW_RENORMALIZED,True,OK,"[41,7]",164,0,0,0,
HSL,NON_FINANCIAL,BALANCE_SHEET,CACHED_RAW_RENORMALIZED,True,OK,"[122,7]",408,0,0,0,
HSL,NON_FINANCIAL,INCOME_STATEMENT,CACHED_RAW_RENORMALIZED,True,OK,"[25,7]",100,0,0,0,
HSL,NON_FINANCIAL,CASH_FLOW,CACHED_RAW_RENORMALIZED,True,OK,"[41,7]",164,0,0,0,
HT1,NON_FINANCIAL,BALANCE_SHEET,CACHED_RAW_RENORMALIZED,True,OK,"[122,7]",408,0,0,0,
HT1,NON_FINANCIAL,INCOME_STATEMENT,CACHED_RAW_RENORMALIZED,True,OK,"[25,7]",100,0,0,0,
HT1,NON_FINANCIAL,CASH_FLOW,CACHED_RAW_RENORMALIZED,True,OK,"[41,7]",164,0,0,0,
HTN,NON_FINANCIAL,BALANCE_SHEET,CACHED_RAW_RENORMALIZED,True,OK,"[122,7]",408,0,0,0,
HTN,NON_FINANCIAL,INCOME_STATEMENT,CACHED_RAW_RENORMALIZED,True,OK,"[25,7]",100,0,0,0,
HTN,NON_FINANCIAL,CASH_FLOW,CACHED_RAW_RENORMALIZED,True,OK,"[41,7]",164,0,0,0,
HUT,NON_FINANCIAL,BALANCE_SHEET,CACHED_RAW_RENORMALIZED,True,OK,"[122,7]",408,0,0,0,
HUT,NON_FINANCIAL,INCOME_STATEMENT,CACHED_RAW_RENORMALIZED,True,OK,"[25,7]",100,0,0,0,
HUT,NON_FINANCIAL,CASH_FLOW,CACHED_RAW_RENORMALIZED,True,OK,"[41,7]",164,0,0,0,
HVH,NON_FINANCIAL,BALANCE_SHEET,CACHED_RAW_RENORMALIZED,True,OK,"[122,7]",408,0,0,0,
HVH,NON_FINANCIAL,INCOME_STATEMENT,CACHED_RAW_RENORMALIZED,True,OK,"[25,7]",100,0,0,0,
HVH,NON_FINANCIAL,CASH_FLOW,CACHED_RAW_RENORMALIZED,True,OK,"[41,7]",164,0,0,0,
HVN,NON_FINANCIAL,BALANCE_SHEET,CACHED_RAW_RENORMALIZED,True,OK,"[122,7]",408,0,0,0,
HVN,NON_FINANCIAL,INCOME_STATEMENT,CACHED_RAW_RENORMALIZED,True,OK,"[25,7]",100,0,0,0,
HVN,NON_FINANCIAL,CASH_FLOW,CACHED_RAW_RENORMALIZED,True,OK,"[41,7]",164,0,0,0,
IDC,NON_FINANCIAL,BALANCE_SHEET,CACHED_RAW_RENORMALIZED,True,OK,"[122,7]",408,0,0,0,
IDC,NON_FINANCIAL,INCOME_STATEMENT,CACHED_RAW_RENORMALIZED,True,OK,"[25,7]",100,0,0,0,
IDC,NON_FINANCIAL,CASH_FLOW,CACHED_RAW_RENORMALIZED,True,OK,"[41,7]",164,0,0,0,
IDI,NON_FINANCIAL,BALANCE_SHEET,CACHED_RAW_RENORMALIZED,True,OK,"[122,7]",408,0,0,0,
IDI,NON_FINANCIAL,INCOME_STATEMENT,CACHED_RAW_RENORMALIZED,True,OK,"[25,7]",100,0,0,0,
IDI,NON_FINANCIAL,CASH_FLOW,CACHED_RAW_RENORMALIZED,True,OK,"[41,7]",164,0,0,0,
IDJ,NON_FINANCIAL,BALANCE_SHEET,CACHED_RAW_RENORMALIZED,True,OK,"[122,7]",408,0,0,0,
IDJ,NON_FINANCIAL,INCOME_STATEMENT,CACHED_RAW_RENORMALIZED,True,OK,"[25,7]",100,0,0,0,
IDJ,NON_FINANCIAL,CASH_FLOW,CACHED_RAW_RENORMALIZED,True,OK,"[41,7]",164,0,0,0,
IJC,NON_FINANCIAL,BALANCE_SHEET,CACHED_RAW_RENORMALIZED,True,OK,"[122,7]",408,0,0,0,
IJC,NON_FINANCIAL,INCOME_STATEMENT,CACHED_RAW_RENORMALIZED,True,OK,"[25,7]",100,0,0,0,
IJC,NON_FINANCIAL,CASH_FLOW,CACHED_RAW_RENORMALIZED,True,OK,"[41,7]",164,0,0,0,
ILS,NON_FINANCIAL,BALANCE_SHEET,CACHED_RAW_RENORMALIZED,True,OK,"[122,7]",408,0,0,0,
ILS,NON_FINANCIAL,INCOME_STATEMENT,CACHED_RAW_RENORMALIZED,True,OK,"[25,7]",100,0,0,0,
ILS,NON_FINANCIAL,CASH_FLOW,CACHED_RAW_RENORMALIZED,True,OK,"[41,7]",164,0,0,0,
IPA,NON_FINANCIAL,BALANCE_SHEET,CACHED_RAW_RENORMALIZED,True,OK,"[122,7]",408,0,0,0,
IPA,NON_FINANCIAL,INCOME_STATEMENT,CACHED_RAW_RENORMALIZED,True,OK,"[25,7]",100,0,0,0,
IPA,NON_FINANCIAL,CASH_FLOW,CACHED_RAW_RENORMALIZED,True,OK,"[41,7]",164,0,0,0,
ITA,NON_FINANCIAL,BALANCE_SHEET,CACHED_RAW_RENORMALIZED,True,OK,"[122,7]",408,0,0,0,
ITA,NON_FINANCIAL,INCOME_STATEMENT,CACHED_RAW_RENORMALIZED,True,OK,"[25,7]",100,0,0,0,
ITA,NON_FINANCIAL,CASH_FLOW,CACHED_RAW_RENORMALIZED,True,OK,"[41,7]",164,0,0,0,
ITC,NON_FINANCIAL,BALANCE_SHEET,CACHED_RAW_RENORMALIZED,True,OK,"[122,7]",408,0,0,0,
ITC,NON_FINANCIAL,INCOME_STATEMENT,CACHED_RAW_RENORMALIZED,True,OK,"[25,7]",100,0,0,0,
ITC,NON_FINANCIAL,CASH_FLOW,CACHED_RAW_RENORMALIZED,True,OK,"[41,7]",164,0,0,0,
ITD,NON_FINANCIAL,BALANCE_SHEET,CACHED_RAW_RENORMALIZED,True,OK,"[122,7]",408,0,0,0,
ITD,NON_FINANCIAL,INCOME_STATEMENT,CACHED_RAW_RENORMALIZED,True,OK,"[25,7]",100,0,0,0,
ITD,NON_FINANCIAL,CASH_FLOW,CACHED_RAW_RENORMALIZED,True,OK,"[41,7]",164,0,0,0,
KBC,NON_FINANCIAL,BALANCE_SHEET,CACHED_RAW_RENORMALIZED,True,OK,"[122,7]",408,0,0,0,
KBC,NON_FINANCIAL,INCOME_STATEMENT,CACHED_RAW_RENORMALIZED,True,OK,"[25,7]",100,0,0,0,
KBC,NON_FINANCIAL,CASH_FLOW,CACHED_RAW_RENORMALIZED,True,OK,"[41,7]",164,0,0,0,
KDC,NON_FINANCIAL,BALANCE_SHEET,CACHED_RAW_RENORMALIZED,True,OK,"[122,7]",408,0,0,0,
KDC,NON_FINANCIAL,INCOME_STATEMENT,CACHED_RAW_RENORMALIZED,True,OK,"[25,7]",100,0,0,0,
KDC,NON_FINANCIAL,CASH_FLOW,CACHED_RAW_RENORMALIZED,True,OK,"[41,7]",164,0,0,0,
KDH,NON_FINANCIAL,BALANCE_SHEET,CACHED_RAW_RENORMALIZED,True,OK,"[122,7]",408,0,0,0,
KDH,NON_FINANCIAL,INCOME_STATEMENT,CACHED_RAW_RENORMALIZED,True,OK,"[25,7]",100,0,0,0,
KDH,NON_FINANCIAL,CASH_FLOW,CACHED_RAW_RENORMALIZED,True,OK,"[41,7]",164,0,0,0,
KHG,NON_FINANCIAL,BALANCE_SHEET,CACHED_RAW_RENORMALIZED,True,OK,"[122,7]",408,0,0,0,
KHG,NON_FINANCIAL,INCOME_STATEMENT,CACHED_RAW_RENORMALIZED,True,OK,"[25,7]",100,0,0,0,
KHG,NON_FINANCIAL,CASH_FLOW,CACHED_RAW_RENORMALIZED,True,OK,"[41,7]",164,0,0,0,
KLB,FINANCIAL_RAW_FETCH_ONLY,BALANCE_SHEET,CACHED_RAW_RENORMALIZED,True,OK,"[86,7]",288,0,0,0,
KLB,FINANCIAL_RAW_FETCH_ONLY,INCOME_STATEMENT,CACHED_RAW_RENORMALIZED,True,OK,"[26,7]",104,0,0,0,
KLB,FINANCIAL_RAW_FETCH_ONLY,CASH_FLOW,CACHED_RAW_RENORMALIZED,True,OK,"[52,7]",208,0,0,0,
KOS,NON_FINANCIAL,BALANCE_SHEET,CACHED_RAW_RENORMALIZED,True,OK,"[122,7]",408,0,0,0,
KOS,NON_FINANCIAL,INCOME_STATEMENT,CACHED_RAW_RENORMALIZED,True,OK,"[25,7]",100,0,0,0,
KOS,NON_FINANCIAL,CASH_FLOW,CACHED_RAW_RENORMALIZED,True,OK,"[41,7]",164,0,0,0,
KPF,NON_FINANCIAL,BALANCE_SHEET,CACHED_RAW_RENORMALIZED,True,OK,"[122,7]",408,0,0,0,
KPF,NON_FINANCIAL,INCOME_STATEMENT,CACHED_RAW_RENORMALIZED,True,OK,"[25,7]",100,0,0,0,
KPF,NON_FINANCIAL,CASH_FLOW,CACHED_RAW_RENORMALIZED,True,OK,"[41,7]",164,0,0,0,
KSB,NON_FINANCIAL,BALANCE_SHEET,CACHED_RAW_RENORMALIZED,True,OK,"[122,7]",408,0,0,0,
KSB,NON_FINANCIAL,INCOME_STATEMENT,CACHED_RAW_RENORMALIZED,True,OK,"[25,7]",100,0,0,0,
KSB,NON_FINANCIAL,CASH_FLOW,CACHED_RAW_RENORMALIZED,True,OK,"[41,7]",164,0,0,0,
KSF,NON_FINANCIAL,BALANCE_SHEET,CACHED_RAW_RENORMALIZED,True,OK,"[122,7]",408,0,0,0,
KSF,NON_FINANCIAL,INCOME_STATEMENT,CACHED_RAW_RENORMALIZED,True,OK,"[25,7]",100,0,0,0,
KSF,NON_FINANCIAL,CASH_FLOW,CACHED_RAW_RENORMALIZED,True,OK,"[41,7]",164,0,0,0,
KSV,NON_FINANCIAL,BALANCE_SHEET,CACHED_RAW_RENORMALIZED,True,OK,"[122,7]",408,0,0,0,
KSV,NON_FINANCIAL,INCOME_STATEMENT,CACHED_RAW_RENORMALIZED,True,OK,"[25,7]",100,0,0,0,
KSV,NON_FINANCIAL,CASH_FLOW,CACHED_RAW_RENORMALIZED,True,OK,"[41,7]",164,0,0,0,
L14,NON_FINANCIAL,BALANCE_SHEET,CACHED_RAW_RENORMALIZED,True,OK,"[122,7]",408,0,0,0,
L14,NON_FINANCIAL,INCOME_STATEMENT,CACHED_RAW_RENORMALIZED,True,OK,"[25,7]",100,0,0,0,
L14,NON_FINANCIAL,CASH_FLOW,CACHED_RAW_RENORMALIZED,True,OK,"[41,7]",164,0,0,0,
L40,NON_FINANCIAL,BALANCE_SHEET,CACHED_RAW_RENORMALIZED,True,OK,"[122,7]",408,0,0,0,
L40,NON_FINANCIAL,INCOME_STATEMENT,CACHED_RAW_RENORMALIZED,True,OK,"[25,7]",100,0,0,0,
L40,NON_FINANCIAL,CASH_FLOW,CACHED_RAW_RENORMALIZED,True,OK,"[41,7]",164,0,0,0,
LAF,NON_FINANCIAL,BALANCE_SHEET,CACHED_RAW_RENORMALIZED,True,OK,"[122,7]",408,0,0,0,
LAF,NON_FINANCIAL,INCOME_STATEMENT,CACHED_RAW_RENORMALIZED,True,OK,"[25,7]",100,0,0,0,
LAF,NON_FINANCIAL,CASH_FLOW,CACHED_RAW_RENORMALIZED,True,OK,"[41,7]",164,0,0,0,
LAS,NON_FINANCIAL,BALANCE_SHEET,CACHED_RAW_RENORMALIZED,True,OK,"[122,7]",408,0,0,0,
LAS,NON_FINANCIAL,INCOME_STATEMENT,CACHED_RAW_RENORMALIZED,True,OK,"[25,7]",100,0,0,0,
LAS,NON_FINANCIAL,CASH_FLOW,CACHED_RAW_RENORMALIZED,True,OK,"[41,7]",164,0,0,0,
LBE,NON_FINANCIAL,BALANCE_SHEET,CACHED_RAW_RENORMALIZED,True,OK,"[122,7]",408,0,0,0,
LBE,NON_FINANCIAL,INCOME_STATEMENT,CACHED_RAW_RENORMALIZED,True,OK,"[25,7]",100,0,0,0,
LBE,NON_FINANCIAL,CASH_FLOW,CACHED_RAW_RENORMALIZED,True,OK,"[41,7]",164,0,0,0,
LCG,NON_FINANCIAL,BALANCE_SHEET,CACHED_RAW_RENORMALIZED,True,OK,"[122,7]",408,0,0,0,
LCG,NON_FINANCIAL,INCOME_STATEMENT,CACHED_RAW_RENORMALIZED,True,OK,"[25,7]",100,0,0,0,
LCG,NON_FINANCIAL,CASH_FLOW,CACHED_RAW_RENORMALIZED,True,OK,"[41,7]",164,0,0,0,
LDG,NON_FINANCIAL,BALANCE_SHEET,CACHED_RAW_RENORMALIZED,True,OK,"[122,7]",408,0,0,0,
LDG,NON_FINANCIAL,INCOME_STATEMENT,CACHED_RAW_RENORMALIZED,True,OK,"[25,7]",100,0,0,0,
LDG,NON_FINANCIAL,CASH_FLOW,CACHED_RAW_RENORMALIZED,True,OK,"[41,7]",164,0,0,0,
LDP,NON_FINANCIAL,BALANCE_SHEET,CACHED_RAW_RENORMALIZED,True,OK,"[122,7]",408,0,0,0,
LDP,NON_FINANCIAL,INCOME_STATEMENT,CACHED_RAW_RENORMALIZED,True,OK,"[25,7]",100,0,0,0,
LDP,NON_FINANCIAL,CASH_FLOW,CACHED_RAW_RENORMALIZED,True,OK,"[41,7]",164,0,0,0,
LHC,NON_FINANCIAL,BALANCE_SHEET,CACHED_RAW_RENORMALIZED,True,OK,"[122,7]",408,0,0,0,
LHC,NON_FINANCIAL,INCOME_STATEMENT,CACHED_RAW_RENORMALIZED,True,OK,"[25,7]",100,0,0,0,
LHC,NON_FINANCIAL,CASH_FLOW,CACHED_RAW_RENORMALIZED,True,OK,"[41,7]",164,0,0,0,
LHG,NON_FINANCIAL,BALANCE_SHEET,CACHED_RAW_RENORMALIZED,True,OK,"[122,7]",408,0,0,0,
LHG,NON_FINANCIAL,INCOME_STATEMENT,CACHED_RAW_RENORMALIZED,True,OK,"[25,7]",100,0,0,0,
LHG,NON_FINANCIAL,CASH_FLOW,CACHED_RAW_RENORMALIZED,True,OK,"[41,7]",164,0,0,0,
LPB,FINANCIAL_RAW_FETCH_ONLY,BALANCE_SHEET,CACHED_RAW_RENORMALIZED,True,OK,"[86,7]",288,0,0,0,
LPB,FINANCIAL_RAW_FETCH_ONLY,INCOME_STATEMENT,CACHED_RAW_RENORMALIZED,True,OK,"[26,7]",104,0,0,0,
LPB,FINANCIAL_RAW_FETCH_ONLY,CASH_FLOW,CACHED_RAW_RENORMALIZED,True,OK,"[52,7]",208,0,0,0,
LSG,NON_FINANCIAL,BALANCE_SHEET,CACHED_RAW_RENORMALIZED,True,OK,"[122,7]",408,0,0,0,
LSG,NON_FINANCIAL,INCOME_STATEMENT,CACHED_RAW_RENORMALIZED,True,OK,"[25,7]",100,0,0,0,
LSG,NON_FINANCIAL,CASH_FLOW,CACHED_RAW_RENORMALIZED,True,OK,"[41,7]",164,0,0,0,
LTG,NON_FINANCIAL,BALANCE_SHEET,CACHED_RAW_RENORMALIZED,True,OK,"[122,7]",408,0,0,0,
LTG,NON_FINANCIAL,INCOME_STATEMENT,CACHED_RAW_RENORMALIZED,True,OK,"[25,7]",100,0,0,0,
LTG,NON_FINANCIAL,CASH_FLOW,CACHED_RAW_RENORMALIZED,True,OK,"[41,7]",164,0,0,0,
MBB,FINANCIAL_RAW_FETCH_ONLY,BALANCE_SHEET,CACHED_RAW_RENORMALIZED,True,OK,"[86,7]",288,0,0,0,
MBB,FINANCIAL_RAW_FETCH_ONLY,INCOME_STATEMENT,CACHED_RAW_RENORMALIZED,True,OK,"[26,7]",104,0,0,0,
MBB,FINANCIAL_RAW_FETCH_ONLY,CASH_FLOW,CACHED_RAW_RENORMALIZED,True,OK,"[52,7]",208,0,0,0,
MBG,NON_FINANCIAL,BALANCE_SHEET,CACHED_RAW_RENORMALIZED,True,OK,"[122,7]",408,0,0,0,
MBG,NON_FINANCIAL,INCOME_STATEMENT,CACHED_RAW_RENORMALIZED,True,OK,"[25,7]",100,0,0,0,
MBG,NON_FINANCIAL,CASH_FLOW,CACHED_RAW_RENORMALIZED,True,OK,"[41,7]",164,0,0,0,
MBS,FINANCIAL_RAW_FETCH_ONLY,BALANCE_SHEET,CACHED_RAW_RENORMALIZED,True,OK,"[208,7]",728,0,0,0,
MBS,FINANCIAL_RAW_FETCH_ONLY,INCOME_STATEMENT,CACHED_RAW_RENORMALIZED,True,OK,"[79,7]",300,0,0,0,
MBS,FINANCIAL_RAW_FETCH_ONLY,CASH_FLOW,CACHED_RAW_RENORMALIZED,True,OK,"[148,7]",492,0,0,0,
MCH,NON_FINANCIAL,BALANCE_SHEET,CACHED_RAW_RENORMALIZED,True,OK,"[122,7]",408,0,0,0,
MCH,NON_FINANCIAL,INCOME_STATEMENT,CACHED_RAW_RENORMALIZED,True,OK,"[25,7]",100,0,0,0,
MCH,NON_FINANCIAL,CASH_FLOW,CACHED_RAW_RENORMALIZED,True,OK,"[41,7]",164,0,0,0,
MCM,NON_FINANCIAL,BALANCE_SHEET,CACHED_RAW_RENORMALIZED,True,OK,"[122,7]",408,0,0,0,
MCM,NON_FINANCIAL,INCOME_STATEMENT,CACHED_RAW_RENORMALIZED,True,OK,"[25,7]",100,0,0,0,
MCM,NON_FINANCIAL,CASH_FLOW,CACHED_RAW_RENORMALIZED,True,OK,"[41,7]",164,0,0,0,
MCP,NON_FINANCIAL,BALANCE_SHEET,CACHED_RAW_RENORMALIZED,True,OK,"[122,7]",408,0,0,0,
MCP,NON_FINANCIAL,INCOME_STATEMENT,CACHED_RAW_RENORMALIZED,True,OK,"[25,7]",100,0,0,0,
MCP,NON_FINANCIAL,CASH_FLOW,CACHED_RAW_RENORMALIZED,True,OK,"[41,7]",164,0,0,0,
MIG,FINANCIAL_RAW_FETCH_ONLY,BALANCE_SHEET,CACHED_RAW_RENORMALIZED,True,REQUIRED_ITEM_AMBIGUOUS,"[151,7]",0,0,0,0,
MIG,FINANCIAL_RAW_FETCH_ONLY,INCOME_STATEMENT,CACHED_RAW_RENORMALIZED,True,OK,"[84,7]",312,0,0,0,
MIG,FINANCIAL_RAW_FETCH_ONLY,CASH_FLOW,CACHED_RAW_RENORMALIZED,True,OK,"[49,7]",196,0,0,0,
MSB,FINANCIAL_RAW_FETCH_ONLY,BALANCE_SHEET,CACHED_RAW_RENORMALIZED,True,OK,"[86,7]",288,0,0,0,
MSB,FINANCIAL_RAW_FETCH_ONLY,INCOME_STATEMENT,CACHED_RAW_RENORMALIZED,True,OK,"[26,7]",104,0,0,0,
MSB,FINANCIAL_RAW_FETCH_ONLY,CASH_FLOW,CACHED_RAW_RENORMALIZED,True,OK,"[52,7]",208,0,0,0,
MSH,NON_FINANCIAL,BALANCE_SHEET,CACHED_RAW_RENORMALIZED,True,OK,"[122,7]",408,0,0,0,
MSH,NON_FINANCIAL,INCOME_STATEMENT,CACHED_RAW_RENORMALIZED,True,OK,"[25,7]",100,0,0,0,
MSH,NON_FINANCIAL,CASH_FLOW,CACHED_RAW_RENORMALIZED,True,OK,"[41,7]",164,0,0,0,
MSN,NON_FINANCIAL,BALANCE_SHEET,CACHED_RAW_RENORMALIZED,True,OK,"[122,7]",408,0,0,0,
MSN,NON_FINANCIAL,INCOME_STATEMENT,CACHED_RAW_RENORMALIZED,True,OK,"[25,7]",100,0,0,0,
MSN,NON_FINANCIAL,CASH_FLOW,CACHED_RAW_RENORMALIZED,True,OK,"[41,7]",164,0,0,0,
MSR,NON_FINANCIAL,BALANCE_SHEET,CACHED_RAW_RENORMALIZED,True,OK,"[122,7]",408,0,0,0,
MSR,NON_FINANCIAL,INCOME_STATEMENT,CACHED_RAW_RENORMALIZED,True,OK,"[25,7]",100,0,0,0,
MSR,NON_FINANCIAL,CASH_FLOW,CACHED_RAW_RENORMALIZED,True,OK,"[41,7]",164,0,0,0,
MST,NON_FINANCIAL,BALANCE_SHEET,CACHED_RAW_RENORMALIZED,True,OK,"[122,7]",408,0,0,0,
MST,NON_FINANCIAL,INCOME_STATEMENT,CACHED_RAW_RENORMALIZED,True,OK,"[25,7]",100,0,0,0,
MST,NON_FINANCIAL,CASH_FLOW,CACHED_RAW_RENORMALIZED,True,OK,"[41,7]",164,0,0,0,
MWG,NON_FINANCIAL,BALANCE_SHEET,CACHED_RAW_RENORMALIZED,True,OK,"[122,7]",408,0,0,0,
MWG,NON_FINANCIAL,INCOME_STATEMENT,CACHED_RAW_RENORMALIZED,True,OK,"[25,7]",100,0,0,0,
MWG,NON_FINANCIAL,CASH_FLOW,CACHED_RAW_RENORMALIZED,True,OK,"[41,7]",164,0,0,0,
MZG,NON_FINANCIAL,BALANCE_SHEET,CACHED_RAW_RENORMALIZED,True,OK,"[122,7]",408,0,0,0,
MZG,NON_FINANCIAL,INCOME_STATEMENT,CACHED_RAW_RENORMALIZED,True,OK,"[25,7]",100,0,0,0,
MZG,NON_FINANCIAL,CASH_FLOW,CACHED_RAW_RENORMALIZED,True,OK,"[41,7]",164,0,0,0,
NAB,FINANCIAL_RAW_FETCH_ONLY,BALANCE_SHEET,CACHED_RAW_RENORMALIZED,True,OK,"[86,7]",288,0,0,0,
NAB,FINANCIAL_RAW_FETCH_ONLY,INCOME_STATEMENT,CACHED_RAW_RENORMALIZED,True,OK,"[26,7]",104,0,0,0,
NAB,FINANCIAL_RAW_FETCH_ONLY,CASH_FLOW,CACHED_RAW_RENORMALIZED,True,OK,"[52,7]",208,0,0,0,
NAF,NON_FINANCIAL,BALANCE_SHEET,CACHED_RAW_RENORMALIZED,True,OK,"[122,7]",408,0,0,0,
NAF,NON_FINANCIAL,INCOME_STATEMENT,CACHED_RAW_RENORMALIZED,True,OK,"[25,7]",100,0,0,0,
NAF,NON_FINANCIAL,CASH_FLOW,CACHED_RAW_RENORMALIZED,True,OK,"[41,7]",164,0,0,0,
NBB,NON_FINANCIAL,BALANCE_SHEET,CACHED_RAW_RENORMALIZED,True,OK,"[122,7]",408,0,0,0,
NBB,NON_FINANCIAL,INCOME_STATEMENT,CACHED_RAW_RENORMALIZED,True,OK,"[25,7]",100,0,0,0,
NBB,NON_FINANCIAL,CASH_FLOW,CACHED_RAW_RENORMALIZED,True,OK,"[41,7]",164,0,0,0,
NCT,NON_FINANCIAL,BALANCE_SHEET,CACHED_RAW_RENORMALIZED,True,OK,"[122,7]",408,0,0,0,
NCT,NON_FINANCIAL,INCOME_STATEMENT,CACHED_RAW_RENORMALIZED,True,OK,"[25,7]",100,0,0,0,
NCT,NON_FINANCIAL,CASH_FLOW,CACHED_RAW_RENORMALIZED,True,OK,"[41,7]",164,0,0,0,
NDN,NON_FINANCIAL,BALANCE_SHEET,CACHED_RAW_RENORMALIZED,True,OK,"[122,7]",408,0,0,0,
NDN,NON_FINANCIAL,INCOME_STATEMENT,CACHED_RAW_RENORMALIZED,True,OK,"[25,7]",100,0,0,0,
NDN,NON_FINANCIAL,CASH_FLOW,CACHED_RAW_RENORMALIZED,True,OK,"[41,7]",164,0,0,0,
NHA,NON_FINANCIAL,BALANCE_SHEET,CACHED_RAW_RENORMALIZED,True,OK,"[122,7]",408,0,0,0,
NHA,NON_FINANCIAL,INCOME_STATEMENT,CACHED_RAW_RENORMALIZED,True,OK,"[25,7]",100,0,0,0,
NHA,NON_FINANCIAL,CASH_FLOW,CACHED_RAW_RENORMALIZED,True,OK,"[41,7]",164,0,0,0,
NKG,NON_FINANCIAL,BALANCE_SHEET,CACHED_RAW_RENORMALIZED,True,OK,"[122,7]",408,0,0,0,
NKG,NON_FINANCIAL,INCOME_STATEMENT,CACHED_RAW_RENORMALIZED,True,OK,"[25,7]",100,0,0,0,
NKG,NON_FINANCIAL,CASH_FLOW,CACHED_RAW_RENORMALIZED,True,OK,"[41,7]",164,0,0,0,
NLG,NON_FINANCIAL,BALANCE_SHEET,CACHED_RAW_RENORMALIZED,True,OK,"[122,7]",408,0,0,0,
NLG,NON_FINANCIAL,INCOME_STATEMENT,CACHED_RAW_RENORMALIZED,True,OK,"[25,7]",100,0,0,0,
NLG,NON_FINANCIAL,CASH_FLOW,CACHED_RAW_RENORMALIZED,True,OK,"[41,7]",164,0,0,0,
NNC,NON_FINANCIAL,BALANCE_SHEET,CACHED_RAW_RENORMALIZED,True,OK,"[122,7]",408,0,0,0,
NNC,NON_FINANCIAL,INCOME_STATEMENT,CACHED_RAW_RENORMALIZED,True,OK,"[25,7]",100,0,0,0,
NNC,NON_FINANCIAL,CASH_FLOW,CACHED_RAW_RENORMALIZED,True,OK,"[41,7]",164,0,0,0,
NRC,NON_FINANCIAL,BALANCE_SHEET,CACHED_RAW_RENORMALIZED,True,OK,"[122,7]",408,0,0,0,
NRC,NON_FINANCIAL,INCOME_STATEMENT,CACHED_RAW_RENORMALIZED,True,OK,"[25,7]",100,0,0,0,
NRC,NON_FINANCIAL,CASH_FLOW,CACHED_RAW_RENORMALIZED,True,OK,"[41,7]",164,0,0,0,
NT2,NON_FINANCIAL,BALANCE_SHEET,CACHED_RAW_RENORMALIZED,True,OK,"[122,7]",408,0,0,0,
NT2,NON_FINANCIAL,INCOME_STATEMENT,CACHED_RAW_RENORMALIZED,True,OK,"[25,7]",100,0,0,0,
NT2,NON_FINANCIAL,CASH_FLOW,CACHED_RAW_RENORMALIZED,True,OK,"[41,7]",164,0,0,0,
NTC,NON_FINANCIAL,BALANCE_SHEET,CACHED_RAW_RENORMALIZED,True,OK,"[122,7]",408,0,0,0,
NTC,NON_FINANCIAL,INCOME_STATEMENT,CACHED_RAW_RENORMALIZED,True,OK,"[25,7]",100,0,0,0,
NTC,NON_FINANCIAL,CASH_FLOW,CACHED_RAW_RENORMALIZED,True,OK,"[41,7]",164,0,0,0,
NTL,NON_FINANCIAL,BALANCE_SHEET,CACHED_RAW_RENORMALIZED,True,OK,"[122,7]",408,0,0,0,
NTL,NON_FINANCIAL,INCOME_STATEMENT,CACHED_RAW_RENORMALIZED,True,OK,"[25,7]",100,0,0,0,
NTL,NON_FINANCIAL,CASH_FLOW,CACHED_RAW_RENORMALIZED,True,OK,"[41,7]",164,0,0,0,
NTP,NON_FINANCIAL,BALANCE_SHEET,CACHED_RAW_RENORMALIZED,True,OK,"[122,7]",408,0,0,0,
NTP,NON_FINANCIAL,INCOME_STATEMENT,CACHED_RAW_RENORMALIZED,True,OK,"[25,7]",100,0,0,0,
NTP,NON_FINANCIAL,CASH_FLOW,CACHED_RAW_RENORMALIZED,True,OK,"[41,7]",164,0,0,0,
NVB,FINANCIAL_RAW_FETCH_ONLY,BALANCE_SHEET,CACHED_RAW_RENORMALIZED,True,OK,"[86,7]",288,0,0,0,
NVB,FINANCIAL_RAW_FETCH_ONLY,INCOME_STATEMENT,CACHED_RAW_RENORMALIZED,True,OK,"[26,7]",104,0,0,0,
NVB,FINANCIAL_RAW_FETCH_ONLY,CASH_FLOW,CACHED_RAW_RENORMALIZED,True,OK,"[52,7]",208,0,0,0,
NVL,NON_FINANCIAL,BALANCE_SHEET,CACHED_RAW_RENORMALIZED,True,OK,"[122,7]",408,0,0,0,
NVL,NON_FINANCIAL,INCOME_STATEMENT,CACHED_RAW_RENORMALIZED,True,OK,"[25,7]",100,0,0,0,
NVL,NON_FINANCIAL,CASH_FLOW,CACHED_RAW_RENORMALIZED,True,OK,"[41,7]",164,0,0,0,
OCB,FINANCIAL_RAW_FETCH_ONLY,BALANCE_SHEET,CACHED_RAW_RENORMALIZED,True,OK,"[86,7]",288,0,0,0,
OCB,FINANCIAL_RAW_FETCH_ONLY,INCOME_STATEMENT,CACHED_RAW_RENORMALIZED,True,OK,"[26,7]",104,0,0,0,
OCB,FINANCIAL_RAW_FETCH_ONLY,CASH_FLOW,CACHED_RAW_RENORMALIZED,True,OK,"[52,7]",208,0,0,0,
OCH,NON_FINANCIAL,BALANCE_SHEET,CACHED_RAW_RENORMALIZED,True,OK,"[122,7]",408,0,0,0,
OCH,NON_FINANCIAL,INCOME_STATEMENT,CACHED_RAW_RENORMALIZED,True,OK,"[25,7]",100,0,0,0,
OCH,NON_FINANCIAL,CASH_FLOW,CACHED_RAW_RENORMALIZED,True,OK,"[41,7]",164,0,0,0,
ODE,NON_FINANCIAL,BALANCE_SHEET,CACHED_RAW_RENORMALIZED,True,OK,"[122,4]",102,0,0,0,
ODE,NON_FINANCIAL,INCOME_STATEMENT,CACHED_RAW_RENORMALIZED,True,OK,"[25,4]",25,0,0,0,
ODE,NON_FINANCIAL,CASH_FLOW,CACHED_RAW_RENORMALIZED,False,MISSING_DATA,"[0,0]",0,0,0,0,raw statement is empty or absent
OGC,FINANCIAL_RAW_FETCH_ONLY,BALANCE_SHEET,CACHED_RAW_RENORMALIZED,True,OK,"[122,7]",408,0,0,0,
OGC,FINANCIAL_RAW_FETCH_ONLY,INCOME_STATEMENT,CACHED_RAW_RENORMALIZED,True,OK,"[25,7]",100,0,0,0,
OGC,FINANCIAL_RAW_FETCH_ONLY,CASH_FLOW,CACHED_RAW_RENORMALIZED,True,OK,"[41,7]",164,0,0,0,
OIL,NON_FINANCIAL,BALANCE_SHEET,CACHED_RAW_RENORMALIZED,True,OK,"[122,7]",408,0,0,0,
OIL,NON_FINANCIAL,INCOME_STATEMENT,CACHED_RAW_RENORMALIZED,True,OK,"[25,7]",100,0,0,0,
OIL,NON_FINANCIAL,CASH_FLOW,CACHED_RAW_RENORMALIZED,True,OK,"[41,7]",164,0,0,0,
ORS,FINANCIAL_RAW_FETCH_ONLY,BALANCE_SHEET,CACHED_RAW_RENORMALIZED,True,OK,"[208,7]",728,0,0,0,
ORS,FINANCIAL_RAW_FETCH_ONLY,INCOME_STATEMENT,CACHED_RAW_RENORMALIZED,True,OK,"[79,7]",300,0,0,0,
ORS,FINANCIAL_RAW_FETCH_ONLY,CASH_FLOW,CACHED_RAW_RENORMALIZED,True,OK,"[148,7]",492,0,0,0,
PAC,NON_FINANCIAL,BALANCE_SHEET,CACHED_RAW_RENORMALIZED,True,OK,"[122,7]",408,0,0,0,
PAC,NON_FINANCIAL,INCOME_STATEMENT,CACHED_RAW_RENORMALIZED,True,OK,"[25,7]",100,0,0,0,
PAC,NON_FINANCIAL,CASH_FLOW,CACHED_RAW_RENORMALIZED,True,OK,"[41,7]",164,0,0,0,
PAN,NON_FINANCIAL,BALANCE_SHEET,CACHED_RAW_RENORMALIZED,True,OK,"[122,7]",408,0,0,0,
PAN,NON_FINANCIAL,INCOME_STATEMENT,CACHED_RAW_RENORMALIZED,True,OK,"[25,7]",100,0,0,0,
PAN,NON_FINANCIAL,CASH_FLOW,CACHED_RAW_RENORMALIZED,True,OK,"[41,7]",164,0,0,0,
PAT,NON_FINANCIAL,BALANCE_SHEET,CACHED_RAW_RENORMALIZED,True,OK,"[122,7]",408,0,0,0,
PAT,NON_FINANCIAL,INCOME_STATEMENT,CACHED_RAW_RENORMALIZED,True,OK,"[25,7]",100,0,0,0,
PAT,NON_FINANCIAL,CASH_FLOW,CACHED_RAW_RENORMALIZED,True,OK,"[41,7]",164,0,0,0,
PC1,NON_FINANCIAL,BALANCE_SHEET,CACHED_RAW_RENORMALIZED,True,OK,"[122,7]",408,0,0,0,
PC1,NON_FINANCIAL,INCOME_STATEMENT,CACHED_RAW_RENORMALIZED,True,OK,"[25,7]",100,0,0,0,
PC1,NON_FINANCIAL,CASH_FLOW,CACHED_RAW_RENORMALIZED,True,OK,"[41,7]",164,0,0,0,
PCH,NON_FINANCIAL,BALANCE_SHEET,CACHED_RAW_RENORMALIZED,True,OK,"[122,7]",408,0,0,0,
PCH,NON_FINANCIAL,INCOME_STATEMENT,CACHED_RAW_RENORMALIZED,True,OK,"[25,7]",100,0,0,0,
PCH,NON_FINANCIAL,CASH_FLOW,CACHED_RAW_RENORMALIZED,True,OK,"[41,7]",164,0,0,0,
PDR,NON_FINANCIAL,BALANCE_SHEET,CACHED_RAW_RENORMALIZED,True,OK,"[122,7]",408,0,0,0,
PDR,NON_FINANCIAL,INCOME_STATEMENT,CACHED_RAW_RENORMALIZED,True,OK,"[25,7]",100,0,0,0,
PDR,NON_FINANCIAL,CASH_FLOW,CACHED_RAW_RENORMALIZED,True,OK,"[41,7]",164,0,0,0,
PET,NON_FINANCIAL,BALANCE_SHEET,CACHED_RAW_RENORMALIZED,True,OK,"[122,7]",408,0,0,0,
PET,NON_FINANCIAL,INCOME_STATEMENT,CACHED_RAW_RENORMALIZED,True,OK,"[25,7]",100,0,0,0,
PET,NON_FINANCIAL,CASH_FLOW,CACHED_RAW_RENORMALIZED,True,OK,"[41,7]",164,0,0,0,
PHP,NON_FINANCIAL,BALANCE_SHEET,CACHED_RAW_RENORMALIZED,True,OK,"[122,7]",408,0,0,0,
PHP,NON_FINANCIAL,INCOME_STATEMENT,CACHED_RAW_RENORMALIZED,True,OK,"[25,7]",100,0,0,0,
PHP,NON_FINANCIAL,CASH_FLOW,CACHED_RAW_RENORMALIZED,True,OK,"[41,7]",164,0,0,0,
PHR,NON_FINANCIAL,BALANCE_SHEET,CACHED_RAW_RENORMALIZED,True,OK,"[122,7]",408,0,0,0,
PHR,NON_FINANCIAL,INCOME_STATEMENT,CACHED_RAW_RENORMALIZED,True,OK,"[25,7]",100,0,0,0,
PHR,NON_FINANCIAL,CASH_FLOW,CACHED_RAW_RENORMALIZED,True,OK,"[41,7]",164,0,0,0,
PIV,NON_FINANCIAL,BALANCE_SHEET,CACHED_RAW_RENORMALIZED,True,OK,"[122,7]",408,0,0,0,
PIV,NON_FINANCIAL,INCOME_STATEMENT,CACHED_RAW_RENORMALIZED,True,OK,"[25,7]",100,0,0,0,
PIV,NON_FINANCIAL,CASH_FLOW,CACHED_RAW_RENORMALIZED,True,OK,"[41,7]",164,0,0,0,
PLC,NON_FINANCIAL,BALANCE_SHEET,CACHED_RAW_RENORMALIZED,True,OK,"[122,7]",408,0,0,0,
PLC,NON_FINANCIAL,INCOME_STATEMENT,CACHED_RAW_RENORMALIZED,True,OK,"[25,7]",100,0,0,0,
PLC,NON_FINANCIAL,CASH_FLOW,CACHED_RAW_RENORMALIZED,True,OK,"[41,7]",164,0,0,0,
PLX,NON_FINANCIAL,BALANCE_SHEET,CACHED_RAW_RENORMALIZED,True,OK,"[122,7]",408,0,0,0,
PLX,NON_FINANCIAL,INCOME_STATEMENT,CACHED_RAW_RENORMALIZED,True,OK,"[25,7]",100,0,0,0,
PLX,NON_FINANCIAL,CASH_FLOW,CACHED_RAW_RENORMALIZED,True,OK,"[41,7]",164,0,0,0,
PNJ,NON_FINANCIAL,BALANCE_SHEET,CACHED_RAW_RENORMALIZED,True,OK,"[122,7]",408,0,0,0,
PNJ,NON_FINANCIAL,INCOME_STATEMENT,CACHED_RAW_RENORMALIZED,True,OK,"[25,7]",100,0,0,0,
PNJ,NON_FINANCIAL,CASH_FLOW,CACHED_RAW_RENORMALIZED,True,OK,"[41,7]",164,0,0,0,
POM,NON_FINANCIAL,BALANCE_SHEET,CACHED_RAW_RENORMALIZED,True,OK,"[122,7]",408,0,0,0,
POM,NON_FINANCIAL,INCOME_STATEMENT,CACHED_RAW_RENORMALIZED,True,OK,"[25,7]",100,0,0,0,
POM,NON_FINANCIAL,CASH_FLOW,CACHED_RAW_RENORMALIZED,True,OK,"[41,7]",164,0,0,0,
POW,NON_FINANCIAL,BALANCE_SHEET,CACHED_RAW_RENORMALIZED,True,OK,"[122,7]",408,0,0,0,
POW,NON_FINANCIAL,INCOME_STATEMENT,CACHED_RAW_RENORMALIZED,True,OK,"[25,7]",100,0,0,0,
POW,NON_FINANCIAL,CASH_FLOW,CACHED_RAW_RENORMALIZED,True,OK,"[41,7]",164,0,0,0,
PPC,NON_FINANCIAL,BALANCE_SHEET,CACHED_RAW_RENORMALIZED,True,OK,"[122,7]",408,0,0,0,
PPC,NON_FINANCIAL,INCOME_STATEMENT,CACHED_RAW_RENORMALIZED,True,OK,"[25,7]",100,0,0,0,
PPC,NON_FINANCIAL,CASH_FLOW,CACHED_RAW_RENORMALIZED,True,OK,"[41,7]",164,0,0,0,
PPT,NON_FINANCIAL,BALANCE_SHEET,CACHED_RAW_RENORMALIZED,True,OK,"[122,7]",408,0,0,0,
PPT,NON_FINANCIAL,INCOME_STATEMENT,CACHED_RAW_RENORMALIZED,True,OK,"[25,7]",100,0,0,0,
PPT,NON_FINANCIAL,CASH_FLOW,CACHED_RAW_RENORMALIZED,True,OK,"[41,7]",164,0,0,0,
PSD,NON_FINANCIAL,BALANCE_SHEET,CACHED_RAW_RENORMALIZED,True,OK,"[122,7]",408,0,0,0,
PSD,NON_FINANCIAL,INCOME_STATEMENT,CACHED_RAW_RENORMALIZED,True,OK,"[25,7]",100,0,0,0,
PSD,NON_FINANCIAL,CASH_FLOW,CACHED_RAW_RENORMALIZED,True,OK,"[41,7]",164,0,0,0,
PSH,NON_FINANCIAL,BALANCE_SHEET,CACHED_RAW_RENORMALIZED,True,OK,"[122,7]",408,0,0,0,
PSH,NON_FINANCIAL,INCOME_STATEMENT,CACHED_RAW_RENORMALIZED,True,OK,"[25,7]",100,0,0,0,
PSH,NON_FINANCIAL,CASH_FLOW,CACHED_RAW_RENORMALIZED,True,OK,"[41,7]",164,0,0,0,
PSI,FINANCIAL_RAW_FETCH_ONLY,BALANCE_SHEET,CACHED_RAW_RENORMALIZED,True,OK,"[208,7]",728,0,0,0,
PSI,FINANCIAL_RAW_FETCH_ONLY,INCOME_STATEMENT,CACHED_RAW_RENORMALIZED,True,OK,"[79,7]",300,0,0,0,
PSI,FINANCIAL_RAW_FETCH_ONLY,CASH_FLOW,CACHED_RAW_RENORMALIZED,True,OK,"[148,7]",492,0,0,0,
PTB,NON_FINANCIAL,BALANCE_SHEET,CACHED_RAW_RENORMALIZED,True,OK,"[122,7]",408,0,0,0,
PTB,NON_FINANCIAL,INCOME_STATEMENT,CACHED_RAW_RENORMALIZED,True,OK,"[25,7]",100,0,0,0,
PTB,NON_FINANCIAL,CASH_FLOW,CACHED_RAW_RENORMALIZED,True,OK,"[41,7]",164,0,0,0,
PVB,NON_FINANCIAL,BALANCE_SHEET,CACHED_RAW_RENORMALIZED,True,OK,"[122,7]",408,0,0,0,
PVB,NON_FINANCIAL,INCOME_STATEMENT,CACHED_RAW_RENORMALIZED,True,OK,"[25,7]",100,0,0,0,
PVB,NON_FINANCIAL,CASH_FLOW,CACHED_RAW_RENORMALIZED,True,OK,"[41,7]",164,0,0,0,
PVC,NON_FINANCIAL,BALANCE_SHEET,CACHED_RAW_RENORMALIZED,True,OK,"[122,7]",408,0,0,0,
PVC,NON_FINANCIAL,INCOME_STATEMENT,CACHED_RAW_RENORMALIZED,True,OK,"[25,7]",100,0,0,0,
PVC,NON_FINANCIAL,CASH_FLOW,CACHED_RAW_RENORMALIZED,True,OK,"[41,7]",164,0,0,0,
PVD,NON_FINANCIAL,BALANCE_SHEET,CACHED_RAW_RENORMALIZED,True,OK,"[122,7]",408,0,0,0,
PVD,NON_FINANCIAL,INCOME_STATEMENT,CACHED_RAW_RENORMALIZED,True,OK,"[25,7]",100,0,0,0,
PVD,NON_FINANCIAL,CASH_FLOW,CACHED_RAW_RENORMALIZED,True,OK,"[41,7]",164,0,0,0,
PVI,FINANCIAL_RAW_FETCH_ONLY,BALANCE_SHEET,CACHED_RAW_RENORMALIZED,True,REQUIRED_ITEM_AMBIGUOUS,"[151,7]",0,0,0,0,
PVI,FINANCIAL_RAW_FETCH_ONLY,INCOME_STATEMENT,CACHED_RAW_RENORMALIZED,True,OK,"[84,7]",312,0,0,0,
PVI,FINANCIAL_RAW_FETCH_ONLY,CASH_FLOW,CACHED_RAW_RENORMALIZED,True,OK,"[49,7]",196,0,0,0,
PVP,NON_FINANCIAL,BALANCE_SHEET,CACHED_RAW_RENORMALIZED,True,OK,"[122,7]",408,0,0,0,
PVP,NON_FINANCIAL,INCOME_STATEMENT,CACHED_RAW_RENORMALIZED,True,OK,"[25,7]",100,0,0,0,
PVP,NON_FINANCIAL,CASH_FLOW,CACHED_RAW_RENORMALIZED,True,OK,"[41,7]",164,0,0,0,
PVS,NON_FINANCIAL,BALANCE_SHEET,CACHED_RAW_RENORMALIZED,True,OK,"[122,7]",408,0,0,0,
PVS,NON_FINANCIAL,INCOME_STATEMENT,CACHED_RAW_RENORMALIZED,True,OK,"[25,7]",100,0,0,0,
PVS,NON_FINANCIAL,CASH_FLOW,CACHED_RAW_RENORMALIZED,True,OK,"[41,7]",164,0,0,0,
PVT,NON_FINANCIAL,BALANCE_SHEET,CACHED_RAW_RENORMALIZED,True,OK,"[122,7]",408,0,0,0,
PVT,NON_FINANCIAL,INCOME_STATEMENT,CACHED_RAW_RENORMALIZED,True,OK,"[25,7]",100,0,0,0,
PVT,NON_FINANCIAL,CASH_FLOW,CACHED_RAW_RENORMALIZED,True,OK,"[41,7]",164,0,0,0,
PVX,NON_FINANCIAL,BALANCE_SHEET,CACHED_RAW_RENORMALIZED,True,OK,"[122,7]",408,0,0,0,
PVX,NON_FINANCIAL,INCOME_STATEMENT,CACHED_RAW_RENORMALIZED,True,OK,"[25,7]",100,0,0,0,
PVX,NON_FINANCIAL,CASH_FLOW,CACHED_RAW_RENORMALIZED,True,OK,"[41,7]",164,0,0,0,
QCG,NON_FINANCIAL,BALANCE_SHEET,CACHED_RAW_RENORMALIZED,True,OK,"[122,7]",408,0,0,0,
QCG,NON_FINANCIAL,INCOME_STATEMENT,CACHED_RAW_RENORMALIZED,True,OK,"[25,7]",100,0,0,0,
QCG,NON_FINANCIAL,CASH_FLOW,CACHED_RAW_RENORMALIZED,True,OK,"[41,7]",164,0,0,0,
QNS,NON_FINANCIAL,BALANCE_SHEET,CACHED_RAW_RENORMALIZED,True,OK,"[122,7]",408,0,0,0,
QNS,NON_FINANCIAL,INCOME_STATEMENT,CACHED_RAW_RENORMALIZED,True,OK,"[25,7]",100,0,0,0,
QNS,NON_FINANCIAL,CASH_FLOW,CACHED_RAW_RENORMALIZED,True,OK,"[41,7]",164,0,0,0,
QTP,NON_FINANCIAL,BALANCE_SHEET,CACHED_RAW_RENORMALIZED,True,OK,"[122,7]",408,0,0,0,
QTP,NON_FINANCIAL,INCOME_STATEMENT,CACHED_RAW_RENORMALIZED,True,OK,"[25,7]",100,0,0,0,
QTP,NON_FINANCIAL,CASH_FLOW,CACHED_RAW_RENORMALIZED,True,OK,"[41,7]",164,0,0,0,
RAL,NON_FINANCIAL,BALANCE_SHEET,CACHED_RAW_RENORMALIZED,True,OK,"[122,7]",408,0,0,0,
RAL,NON_FINANCIAL,INCOME_STATEMENT,CACHED_RAW_RENORMALIZED,True,OK,"[25,7]",100,0,0,0,
RAL,NON_FINANCIAL,CASH_FLOW,CACHED_RAW_RENORMALIZED,True,OK,"[41,7]",164,0,0,0,
RDP,NON_FINANCIAL,BALANCE_SHEET,CACHED_RAW_RENORMALIZED,True,OK,"[122,7]",408,0,0,0,
RDP,NON_FINANCIAL,INCOME_STATEMENT,CACHED_RAW_RENORMALIZED,True,OK,"[25,7]",100,0,0,0,
RDP,NON_FINANCIAL,CASH_FLOW,CACHED_RAW_RENORMALIZED,True,OK,"[41,7]",164,0,0,0,
REE,NON_FINANCIAL,BALANCE_SHEET,CACHED_RAW_RENORMALIZED,True,OK,"[122,7]",408,0,0,0,
REE,NON_FINANCIAL,INCOME_STATEMENT,CACHED_RAW_RENORMALIZED,True,OK,"[25,7]",100,0,0,0,
REE,NON_FINANCIAL,CASH_FLOW,CACHED_RAW_RENORMALIZED,True,OK,"[41,7]",164,0,0,0,
RYG,NON_FINANCIAL,BALANCE_SHEET,CACHED_RAW_RENORMALIZED,True,OK,"[122,7]",408,0,0,0,
RYG,NON_FINANCIAL,INCOME_STATEMENT,CACHED_RAW_RENORMALIZED,True,OK,"[25,7]",100,0,0,0,
RYG,NON_FINANCIAL,CASH_FLOW,CACHED_RAW_RENORMALIZED,True,OK,"[41,7]",164,0,0,0,
SAB,NON_FINANCIAL,BALANCE_SHEET,CACHED_RAW_RENORMALIZED,True,OK,"[122,7]",408,0,0,0,
SAB,NON_FINANCIAL,INCOME_STATEMENT,CACHED_RAW_RENORMALIZED,True,OK,"[25,7]",100,0,0,0,
SAB,NON_FINANCIAL,CASH_FLOW,CACHED_RAW_RENORMALIZED,True,OK,"[41,7]",164,0,0,0,
SAM,NON_FINANCIAL,BALANCE_SHEET,CACHED_RAW_RENORMALIZED,True,OK,"[122,7]",408,0,0,0,
SAM,NON_FINANCIAL,INCOME_STATEMENT,CACHED_RAW_RENORMALIZED,True,OK,"[25,7]",100,0,0,0,
SAM,NON_FINANCIAL,CASH_FLOW,CACHED_RAW_RENORMALIZED,True,OK,"[41,7]",164,0,0,0,
SAS,NON_FINANCIAL,BALANCE_SHEET,CACHED_RAW_RENORMALIZED,True,OK,"[122,7]",408,0,0,0,
SAS,NON_FINANCIAL,INCOME_STATEMENT,CACHED_RAW_RENORMALIZED,True,OK,"[25,7]",100,0,0,0,
SAS,NON_FINANCIAL,CASH_FLOW,CACHED_RAW_RENORMALIZED,True,OK,"[41,7]",164,0,0,0,
SBG,NON_FINANCIAL,BALANCE_SHEET,CACHED_RAW_RENORMALIZED,True,OK,"[122,7]",408,0,0,0,
SBG,NON_FINANCIAL,INCOME_STATEMENT,CACHED_RAW_RENORMALIZED,True,OK,"[25,7]",100,0,0,0,
SBG,NON_FINANCIAL,CASH_FLOW,CACHED_RAW_RENORMALIZED,True,OK,"[41,7]",164,0,0,0,
SBS,FINANCIAL_RAW_FETCH_ONLY,BALANCE_SHEET,CACHED_RAW_RENORMALIZED,True,OK,"[208,7]",728,0,0,0,
SBS,FINANCIAL_RAW_FETCH_ONLY,INCOME_STATEMENT,CACHED_RAW_RENORMALIZED,True,OK,"[79,7]",300,0,0,0,
SBS,FINANCIAL_RAW_FETCH_ONLY,CASH_FLOW,CACHED_RAW_RENORMALIZED,True,OK,"[148,7]",492,0,0,0,
SBT,NON_FINANCIAL,BALANCE_SHEET,CACHED_RAW_RENORMALIZED,True,OK,"[122,7]",408,0,0,0,
SBT,NON_FINANCIAL,INCOME_STATEMENT,CACHED_RAW_RENORMALIZED,True,OK,"[25,7]",100,0,0,0,
SBT,NON_FINANCIAL,CASH_FLOW,CACHED_RAW_RENORMALIZED,True,OK,"[41,7]",164,0,0,0,
SCG,NON_FINANCIAL,BALANCE_SHEET,CACHED_RAW_RENORMALIZED,True,OK,"[122,7]",408,0,0,0,
SCG,NON_FINANCIAL,INCOME_STATEMENT,CACHED_RAW_RENORMALIZED,True,OK,"[25,7]",100,0,0,0,
SCG,NON_FINANCIAL,CASH_FLOW,CACHED_RAW_RENORMALIZED,True,OK,"[41,7]",164,0,0,0,
SCL,NON_FINANCIAL,BALANCE_SHEET,CACHED_RAW_RENORMALIZED,True,OK,"[122,7]",408,0,0,0,
SCL,NON_FINANCIAL,INCOME_STATEMENT,CACHED_RAW_RENORMALIZED,True,OK,"[25,7]",100,0,0,0,
SCL,NON_FINANCIAL,CASH_FLOW,CACHED_RAW_RENORMALIZED,True,OK,"[41,7]",164,0,0,0,
SCR,NON_FINANCIAL,BALANCE_SHEET,CACHED_RAW_RENORMALIZED,True,OK,"[122,7]",408,0,0,0,
SCR,NON_FINANCIAL,INCOME_STATEMENT,CACHED_RAW_RENORMALIZED,True,OK,"[25,7]",100,0,0,0,
SCR,NON_FINANCIAL,CASH_FLOW,CACHED_RAW_RENORMALIZED,True,OK,"[41,7]",164,0,0,0,
SCS,NON_FINANCIAL,BALANCE_SHEET,CACHED_RAW_RENORMALIZED,True,OK,"[122,7]",408,0,0,0,
SCS,NON_FINANCIAL,INCOME_STATEMENT,CACHED_RAW_RENORMALIZED,True,OK,"[25,7]",100,0,0,0,
SCS,NON_FINANCIAL,CASH_FLOW,CACHED_RAW_RENORMALIZED,True,OK,"[41,7]",164,0,0,0,
SGP,NON_FINANCIAL,BALANCE_SHEET,CACHED_RAW_RENORMALIZED,True,OK,"[122,7]",408,0,0,0,
SGP,NON_FINANCIAL,INCOME_STATEMENT,CACHED_RAW_RENORMALIZED,True,OK,"[25,7]",100,0,0,0,
SGP,NON_FINANCIAL,CASH_FLOW,CACHED_RAW_RENORMALIZED,True,OK,"[41,7]",164,0,0,0,
SGR,NON_FINANCIAL,BALANCE_SHEET,CACHED_RAW_RENORMALIZED,True,OK,"[122,7]",408,0,0,0,
SGR,NON_FINANCIAL,INCOME_STATEMENT,CACHED_RAW_RENORMALIZED,True,OK,"[25,7]",100,0,0,0,
SGR,NON_FINANCIAL,CASH_FLOW,CACHED_RAW_RENORMALIZED,True,OK,"[41,7]",164,0,0,0,
SHB,FINANCIAL_RAW_FETCH_ONLY,BALANCE_SHEET,CACHED_RAW_RENORMALIZED,True,OK,"[86,7]",288,0,0,0,
SHB,FINANCIAL_RAW_FETCH_ONLY,INCOME_STATEMENT,CACHED_RAW_RENORMALIZED,True,OK,"[26,7]",104,0,0,0,
SHB,FINANCIAL_RAW_FETCH_ONLY,CASH_FLOW,CACHED_RAW_RENORMALIZED,True,OK,"[52,7]",208,0,0,0,
SHI,NON_FINANCIAL,BALANCE_SHEET,CACHED_RAW_RENORMALIZED,True,OK,"[122,7]",408,0,0,0,
SHI,NON_FINANCIAL,INCOME_STATEMENT,CACHED_RAW_RENORMALIZED,True,OK,"[25,7]",100,0,0,0,
SHI,NON_FINANCIAL,CASH_FLOW,CACHED_RAW_RENORMALIZED,True,OK,"[41,7]",164,0,0,0,
SHN,NON_FINANCIAL,BALANCE_SHEET,CACHED_RAW_RENORMALIZED,True,OK,"[122,7]",408,0,0,0,
SHN,NON_FINANCIAL,INCOME_STATEMENT,CACHED_RAW_RENORMALIZED,True,OK,"[25,7]",100,0,0,0,
SHN,NON_FINANCIAL,CASH_FLOW,CACHED_RAW_RENORMALIZED,True,OK,"[41,7]",164,0,0,0,
SHS,FINANCIAL_RAW_FETCH_ONLY,BALANCE_SHEET,CACHED_RAW_RENORMALIZED,True,OK,"[208,7]",728,0,0,0,
SHS,FINANCIAL_RAW_FETCH_ONLY,INCOME_STATEMENT,CACHED_RAW_RENORMALIZED,True,OK,"[79,7]",300,0,0,0,
SHS,FINANCIAL_RAW_FETCH_ONLY,CASH_FLOW,CACHED_RAW_RENORMALIZED,True,OK,"[148,7]",492,0,0,0,
SIP,NON_FINANCIAL,BALANCE_SHEET,CACHED_RAW_RENORMALIZED,True,OK,"[122,7]",408,0,0,0,
SIP,NON_FINANCIAL,INCOME_STATEMENT,CACHED_RAW_RENORMALIZED,True,OK,"[25,7]",100,0,0,0,
SIP,NON_FINANCIAL,CASH_FLOW,CACHED_RAW_RENORMALIZED,True,OK,"[41,7]",164,0,0,0,
SJD,NON_FINANCIAL,BALANCE_SHEET,CACHED_RAW_RENORMALIZED,True,OK,"[122,7]",408,0,0,0,
SJD,NON_FINANCIAL,INCOME_STATEMENT,CACHED_RAW_RENORMALIZED,True,OK,"[25,7]",100,0,0,0,
SJD,NON_FINANCIAL,CASH_FLOW,CACHED_RAW_RENORMALIZED,True,OK,"[41,7]",164,0,0,0,
SJS,NON_FINANCIAL,BALANCE_SHEET,CACHED_RAW_RENORMALIZED,True,OK,"[122,7]",408,0,0,0,
SJS,NON_FINANCIAL,INCOME_STATEMENT,CACHED_RAW_RENORMALIZED,True,OK,"[25,7]",100,0,0,0,
SJS,NON_FINANCIAL,CASH_FLOW,CACHED_RAW_RENORMALIZED,True,OK,"[41,7]",164,0,0,0,
SMC,NON_FINANCIAL,BALANCE_SHEET,CACHED_RAW_RENORMALIZED,True,OK,"[122,7]",408,0,0,0,
SMC,NON_FINANCIAL,INCOME_STATEMENT,CACHED_RAW_RENORMALIZED,True,OK,"[25,7]",100,0,0,0,
SMC,NON_FINANCIAL,CASH_FLOW,CACHED_RAW_RENORMALIZED,True,OK,"[41,7]",164,0,0,0,
SPD,NON_FINANCIAL,BALANCE_SHEET,CACHED_RAW_RENORMALIZED,True,OK,"[122,7]",408,0,0,0,
SPD,NON_FINANCIAL,INCOME_STATEMENT,CACHED_RAW_RENORMALIZED,True,OK,"[25,7]",100,0,0,0,
SPD,NON_FINANCIAL,CASH_FLOW,CACHED_RAW_RENORMALIZED,True,OK,"[41,7]",164,0,0,0,
SRA,NON_FINANCIAL,BALANCE_SHEET,CACHED_RAW_RENORMALIZED,True,OK,"[122,7]",408,0,0,0,
SRA,NON_FINANCIAL,INCOME_STATEMENT,CACHED_RAW_RENORMALIZED,True,OK,"[25,7]",100,0,0,0,
SRA,NON_FINANCIAL,CASH_FLOW,CACHED_RAW_RENORMALIZED,True,OK,"[41,7]",164,0,0,0,
SSB,FINANCIAL_RAW_FETCH_ONLY,BALANCE_SHEET,CACHED_RAW_RENORMALIZED,True,OK,"[86,7]",288,0,0,0,
SSB,FINANCIAL_RAW_FETCH_ONLY,INCOME_STATEMENT,CACHED_RAW_RENORMALIZED,True,OK,"[26,7]",104,0,0,0,
SSB,FINANCIAL_RAW_FETCH_ONLY,CASH_FLOW,CACHED_RAW_RENORMALIZED,True,OK,"[52,7]",208,0,0,0,
SSI,FINANCIAL_RAW_FETCH_ONLY,BALANCE_SHEET,CACHED_RAW_RENORMALIZED,True,OK,"[208,7]",728,0,0,0,
SSI,FINANCIAL_RAW_FETCH_ONLY,INCOME_STATEMENT,CACHED_RAW_RENORMALIZED,True,OK,"[79,7]",300,0,0,0,
SSI,FINANCIAL_RAW_FETCH_ONLY,CASH_FLOW,CACHED_RAW_RENORMALIZED,True,OK,"[148,7]",492,0,0,0,
STB,FINANCIAL_RAW_FETCH_ONLY,BALANCE_SHEET,CACHED_RAW_RENORMALIZED,True,OK,"[86,7]",288,0,0,0,
STB,FINANCIAL_RAW_FETCH_ONLY,INCOME_STATEMENT,CACHED_RAW_RENORMALIZED,True,OK,"[26,7]",104,0,0,0,
STB,FINANCIAL_RAW_FETCH_ONLY,CASH_FLOW,CACHED_RAW_RENORMALIZED,True,OK,"[52,7]",208,0,0,0,
STH,NON_FINANCIAL,BALANCE_SHEET,CACHED_RAW_RENORMALIZED,True,OK,"[122,7]",408,0,0,0,
STH,NON_FINANCIAL,INCOME_STATEMENT,CACHED_RAW_RENORMALIZED,True,OK,"[25,7]",100,0,0,0,
STH,NON_FINANCIAL,CASH_FLOW,CACHED_RAW_RENORMALIZED,True,OK,"[41,7]",164,0,0,0,
SVN,NON_FINANCIAL,BALANCE_SHEET,LIVE_FETCHED,True,OK,"[122,7]",408,0,0,0,
SVN,NON_FINANCIAL,INCOME_STATEMENT,LIVE_FETCHED,True,OK,"[25,7]",100,0,0,0,
SVN,NON_FINANCIAL,CASH_FLOW,LIVE_FETCHED,True,OK,"[41,7]",164,0,0,0,
SZC,NON_FINANCIAL,BALANCE_SHEET,LIVE_FETCHED,True,OK,"[122,7]",408,0,0,0,
SZC,NON_FINANCIAL,INCOME_STATEMENT,LIVE_FETCHED,True,OK,"[25,7]",100,0,0,0,
SZC,NON_FINANCIAL,CASH_FLOW,LIVE_FETCHED,True,OK,"[41,7]",164,0,0,0,
SZL,NON_FINANCIAL,BALANCE_SHEET,LIVE_FETCHED,True,OK,"[122,7]",408,0,0,0,
SZL,NON_FINANCIAL,INCOME_STATEMENT,LIVE_FETCHED,True,OK,"[25,7]",100,0,0,0,
SZL,NON_FINANCIAL,CASH_FLOW,LIVE_FETCHED,True,OK,"[41,7]",164,0,0,0,
TAB,NON_FINANCIAL,BALANCE_SHEET,LIVE_FETCHED,False,MISSING_DATA,"[0,0]",0,0,0,0,vnstock returned no BALANCE_SHEET data for TAB
TAB,NON_FINANCIAL,INCOME_STATEMENT,LIVE_FETCHED,False,MISSING_DATA,"[0,0]",0,0,0,0,vnstock returned no INCOME_STATEMENT data for TAB
TAB,NON_FINANCIAL,CASH_FLOW,LIVE_FETCHED,False,MISSING_DATA,"[0,0]",0,0,0,0,vnstock returned no CASH_FLOW data for TAB
TAL,NON_FINANCIAL,BALANCE_SHEET,LIVE_FETCHED,True,OK,"[122,7]",408,0,0,0,
TAL,NON_FINANCIAL,INCOME_STATEMENT,LIVE_FETCHED,True,OK,"[25,7]",100,0,0,0,
TAL,NON_FINANCIAL,CASH_FLOW,LIVE_FETCHED,True,OK,"[41,7]",164,0,0,0,
TCB,FINANCIAL_RAW_FETCH_ONLY,BALANCE_SHEET,LIVE_FETCHED,True,OK,"[86,7]",288,0,0,0,
TCB,FINANCIAL_RAW_FETCH_ONLY,INCOME_STATEMENT,LIVE_FETCHED,True,OK,"[26,7]",104,0,0,0,
TCB,FINANCIAL_RAW_FETCH_ONLY,CASH_FLOW,LIVE_FETCHED,True,OK,"[52,7]",208,0,0,0,
TCD,NON_FINANCIAL,BALANCE_SHEET,LIVE_FETCHED,True,OK,"[122,7]",408,0,0,0,
TCD,NON_FINANCIAL,INCOME_STATEMENT,LIVE_FETCHED,True,OK,"[25,7]",100,0,0,0,
TCD,NON_FINANCIAL,CASH_FLOW,LIVE_FETCHED,True,OK,"[41,7]",164,0,0,0,
TCH,NON_FINANCIAL,BALANCE_SHEET,LIVE_FETCHED,True,OK,"[122,7]",408,0,0,0,
TCH,NON_FINANCIAL,INCOME_STATEMENT,LIVE_FETCHED,True,OK,"[25,7]",100,0,0,0,
TCH,NON_FINANCIAL,CASH_FLOW,LIVE_FETCHED,True,OK,"[41,7]",164,0,0,0,
TCI,FINANCIAL_RAW_FETCH_ONLY,BALANCE_SHEET,LIVE_FETCHED,True,OK,"[208,7]",728,0,0,0,
TCI,FINANCIAL_RAW_FETCH_ONLY,INCOME_STATEMENT,LIVE_FETCHED,True,OK,"[79,7]",300,0,0,0,
TCI,FINANCIAL_RAW_FETCH_ONLY,CASH_FLOW,LIVE_FETCHED,True,OK,"[148,7]",492,0,0,0,
TCM,NON_FINANCIAL,BALANCE_SHEET,LIVE_FETCHED,True,OK,"[122,7]",408,0,0,0,
TCM,NON_FINANCIAL,INCOME_STATEMENT,LIVE_FETCHED,True,OK,"[25,7]",100,0,0,0,
TCM,NON_FINANCIAL,CASH_FLOW,LIVE_FETCHED,True,OK,"[41,7]",164,0,0,0,
TCO,NON_FINANCIAL,BALANCE_SHEET,LIVE_FETCHED,True,OK,"[122,7]",408,0,0,0,
TCO,NON_FINANCIAL,INCOME_STATEMENT,LIVE_FETCHED,True,OK,"[25,7]",100,0,0,0,
TCO,NON_FINANCIAL,CASH_FLOW,LIVE_FETCHED,True,OK,"[41,7]",164,0,0,0,
TCX,FINANCIAL_RAW_FETCH_ONLY,BALANCE_SHEET,LIVE_FETCHED,True,OK,"[208,7]",728,0,0,0,
TCX,FINANCIAL_RAW_FETCH_ONLY,INCOME_STATEMENT,LIVE_FETCHED,True,OK,"[79,7]",300,0,0,0,
TCX,FINANCIAL_RAW_FETCH_ONLY,CASH_FLOW,LIVE_FETCHED,True,OK,"[148,7]",492,0,0,0,
TDC,NON_FINANCIAL,BALANCE_SHEET,LIVE_FETCHED,True,OK,"[122,7]",408,0,0,0,
TDC,NON_FINANCIAL,INCOME_STATEMENT,LIVE_FETCHED,True,OK,"[25,7]",100,0,0,0,
TDC,NON_FINANCIAL,CASH_FLOW,LIVE_FETCHED,True,OK,"[41,7]",164,0,0,0,
TDP,NON_FINANCIAL,BALANCE_SHEET,LIVE_FETCHED,True,OK,"[122,7]",408,0,0,0,
TDP,NON_FINANCIAL,INCOME_STATEMENT,LIVE_FETCHED,True,OK,"[25,7]",100,0,0,0,
TDP,NON_FINANCIAL,CASH_FLOW,LIVE_FETCHED,True,OK,"[41,7]",164,0,0,0,
THD,NON_FINANCIAL,BALANCE_SHEET,LIVE_FETCHED,True,OK,"[122,7]",408,0,0,0,
THD,NON_FINANCIAL,INCOME_STATEMENT,LIVE_FETCHED,True,OK,"[25,7]",100,0,0,0,
THD,NON_FINANCIAL,CASH_FLOW,LIVE_FETCHED,True,OK,"[41,7]",164,0,0,0,
THG,NON_FINANCIAL,BALANCE_SHEET,LIVE_FETCHED,True,OK,"[122,7]",408,0,0,0,
THG,NON_FINANCIAL,INCOME_STATEMENT,LIVE_FETCHED,True,OK,"[25,7]",100,0,0,0,
THG,NON_FINANCIAL,CASH_FLOW,LIVE_FETCHED,True,OK,"[41,7]",164,0,0,0,
TIG,NON_FINANCIAL,BALANCE_SHEET,LIVE_FETCHED,True,OK,"[122,7]",408,0,0,0,
TIG,NON_FINANCIAL,INCOME_STATEMENT,LIVE_FETCHED,True,OK,"[25,7]",100,0,0,0,
TIG,NON_FINANCIAL,CASH_FLOW,LIVE_FETCHED,True,OK,"[41,7]",164,0,0,0,
TIN,FINANCIAL_RAW_FETCH_ONLY,BALANCE_SHEET,LIVE_FETCHED,True,OK,"[86,7]",288,0,0,0,
TIN,FINANCIAL_RAW_FETCH_ONLY,INCOME_STATEMENT,LIVE_FETCHED,True,OK,"[26,7]",104,0,0,0,
TIN,FINANCIAL_RAW_FETCH_ONLY,CASH_FLOW,LIVE_FETCHED,True,OK,"[52,7]",208,0,0,0,
TIP,NON_FINANCIAL,BALANCE_SHEET,LIVE_FETCHED,True,OK,"[122,7]",408,0,0,0,
TIP,NON_FINANCIAL,INCOME_STATEMENT,LIVE_FETCHED,True,OK,"[25,7]",100,0,0,0,
TIP,NON_FINANCIAL,CASH_FLOW,LIVE_FETCHED,True,OK,"[41,7]",164,0,0,0,
TLD,NON_FINANCIAL,BALANCE_SHEET,LIVE_FETCHED,True,OK,"[122,7]",408,0,0,0,
TLD,NON_FINANCIAL,INCOME_STATEMENT,LIVE_FETCHED,True,OK,"[25,7]",100,0,0,0,
TLD,NON_FINANCIAL,CASH_FLOW,LIVE_FETCHED,True,OK,"[41,7]",164,0,0,0,
TLG,NON_FINANCIAL,BALANCE_SHEET,LIVE_FETCHED,True,OK,"[122,7]",408,0,0,0,
TLG,NON_FINANCIAL,INCOME_STATEMENT,LIVE_FETCHED,True,OK,"[25,7]",100,0,0,0,
TLG,NON_FINANCIAL,CASH_FLOW,LIVE_FETCHED,True,OK,"[41,7]",164,0,0,0,
TLH,NON_FINANCIAL,BALANCE_SHEET,CACHED_RAW_RENORMALIZED,True,OK,"[122,7]",408,0,0,0,
TLH,NON_FINANCIAL,INCOME_STATEMENT,CACHED_RAW_RENORMALIZED,True,OK,"[25,7]",100,0,0,0,
TLH,NON_FINANCIAL,CASH_FLOW,CACHED_RAW_RENORMALIZED,True,OK,"[41,7]",164,0,0,0,
TNA,NON_FINANCIAL,BALANCE_SHEET,LIVE_FETCHED,True,OK,"[122,7]",408,0,0,0,
TNA,NON_FINANCIAL,INCOME_STATEMENT,LIVE_FETCHED,True,OK,"[25,7]",100,0,0,0,
TNA,NON_FINANCIAL,CASH_FLOW,LIVE_FETCHED,True,OK,"[41,7]",164,0,0,0,
TNG,NON_FINANCIAL,BALANCE_SHEET,LIVE_FETCHED,True,OK,"[122,7]",408,0,0,0,
TNG,NON_FINANCIAL,INCOME_STATEMENT,LIVE_FETCHED,True,OK,"[25,7]",100,0,0,0,
TNG,NON_FINANCIAL,CASH_FLOW,LIVE_FETCHED,True,OK,"[41,7]",164,0,0,0,
TNH,NON_FINANCIAL,BALANCE_SHEET,LIVE_FETCHED,True,OK,"[122,7]",408,0,0,0,
TNH,NON_FINANCIAL,INCOME_STATEMENT,LIVE_FETCHED,True,OK,"[25,7]",100,0,0,0,
TNH,NON_FINANCIAL,CASH_FLOW,LIVE_FETCHED,True,OK,"[41,7]",164,0,0,0,
TOS,NON_FINANCIAL,BALANCE_SHEET,LIVE_FETCHED,True,OK,"[122,7]",408,0,0,0,
TOS,NON_FINANCIAL,INCOME_STATEMENT,LIVE_FETCHED,True,OK,"[25,7]",100,0,0,0,
TOS,NON_FINANCIAL,CASH_FLOW,LIVE_FETCHED,True,OK,"[41,7]",164,0,0,0,
TPB,FINANCIAL_RAW_FETCH_ONLY,BALANCE_SHEET,LIVE_FETCHED,True,OK,"[86,7]",288,0,0,0,
TPB,FINANCIAL_RAW_FETCH_ONLY,INCOME_STATEMENT,LIVE_FETCHED,True,OK,"[26,7]",104,0,0,0,
TPB,FINANCIAL_RAW_FETCH_ONLY,CASH_FLOW,LIVE_FETCHED,True,OK,"[52,7]",208,0,0,0,
TPC,NON_FINANCIAL,BALANCE_SHEET,LIVE_FETCHED,True,OK,"[122,7]",408,0,0,0,
TPC,NON_FINANCIAL,INCOME_STATEMENT,LIVE_FETCHED,True,OK,"[25,7]",100,0,0,0,
TPC,NON_FINANCIAL,CASH_FLOW,LIVE_FETCHED,True,OK,"[41,7]",164,0,0,0,
TRA,NON_FINANCIAL,BALANCE_SHEET,LIVE_FETCHED,True,OK,"[122,7]",408,0,0,0,
TRA,NON_FINANCIAL,INCOME_STATEMENT,LIVE_FETCHED,True,OK,"[25,7]",100,0,0,0,
TRA,NON_FINANCIAL,CASH_FLOW,LIVE_FETCHED,True,OK,"[41,7]",164,0,0,0,
TRC,NON_FINANCIAL,BALANCE_SHEET,LIVE_FETCHED,True,OK,"[122,7]",408,0,0,0,
TRC,NON_FINANCIAL,INCOME_STATEMENT,LIVE_FETCHED,True,OK,"[25,7]",100,0,0,0,
TRC,NON_FINANCIAL,CASH_FLOW,LIVE_FETCHED,True,OK,"[41,7]",164,0,0,0,
TSA,NON_FINANCIAL,BALANCE_SHEET,LIVE_FETCHED,True,OK,"[122,7]",408,0,0,0,
TSA,NON_FINANCIAL,INCOME_STATEMENT,LIVE_FETCHED,True,OK,"[25,7]",100,0,0,0,
TSA,NON_FINANCIAL,CASH_FLOW,LIVE_FETCHED,True,OK,"[41,7]",164,0,0,0,
TSC,NON_FINANCIAL,BALANCE_SHEET,LIVE_FETCHED,True,OK,"[122,7]",408,0,0,0,
TSC,NON_FINANCIAL,INCOME_STATEMENT,LIVE_FETCHED,True,OK,"[25,7]",100,0,0,0,
TSC,NON_FINANCIAL,CASH_FLOW,LIVE_FETCHED,True,OK,"[41,7]",164,0,0,0,
TTA,NON_FINANCIAL,BALANCE_SHEET,LIVE_FETCHED,True,OK,"[122,7]",408,0,0,0,
TTA,NON_FINANCIAL,INCOME_STATEMENT,LIVE_FETCHED,True,OK,"[25,7]",100,0,0,0,
TTA,NON_FINANCIAL,CASH_FLOW,LIVE_FETCHED,True,OK,"[41,7]",164,0,0,0,
TTF,NON_FINANCIAL,BALANCE_SHEET,LIVE_FETCHED,True,OK,"[122,7]",408,0,0,0,
TTF,NON_FINANCIAL,INCOME_STATEMENT,LIVE_FETCHED,True,OK,"[25,7]",100,0,0,0,
TTF,NON_FINANCIAL,CASH_FLOW,LIVE_FETCHED,True,OK,"[41,7]",164,0,0,0,
TV1,NON_FINANCIAL,BALANCE_SHEET,LIVE_FETCHED,True,OK,"[122,7]",408,0,0,0,
TV1,NON_FINANCIAL,INCOME_STATEMENT,LIVE_FETCHED,True,OK,"[25,7]",100,0,0,0,
TV1,NON_FINANCIAL,CASH_FLOW,LIVE_FETCHED,True,OK,"[41,7]",164,0,0,0,
TV2,NON_FINANCIAL,BALANCE_SHEET,LIVE_FETCHED,True,OK,"[122,7]",408,0,0,0,
TV2,NON_FINANCIAL,INCOME_STATEMENT,LIVE_FETCHED,True,OK,"[25,7]",100,0,0,0,
TV2,NON_FINANCIAL,CASH_FLOW,LIVE_FETCHED,True,OK,"[41,7]",164,0,0,0,
TVC,FINANCIAL_RAW_FETCH_ONLY,BALANCE_SHEET,LIVE_FETCHED,True,OK,"[122,7]",408,0,0,0,
TVC,FINANCIAL_RAW_FETCH_ONLY,INCOME_STATEMENT,LIVE_FETCHED,True,OK,"[25,7]",100,0,0,0,
TVC,FINANCIAL_RAW_FETCH_ONLY,CASH_FLOW,LIVE_FETCHED,True,OK,"[41,7]",164,0,0,0,
TVN,NON_FINANCIAL,BALANCE_SHEET,LIVE_FETCHED,True,OK,"[122,7]",408,0,0,0,
TVN,NON_FINANCIAL,INCOME_STATEMENT,LIVE_FETCHED,True,OK,"[25,7]",100,0,0,0,
TVN,NON_FINANCIAL,CASH_FLOW,LIVE_FETCHED,True,OK,"[41,7]",164,0,0,0,
TVS,FINANCIAL_RAW_FETCH_ONLY,BALANCE_SHEET,LIVE_FETCHED,True,OK,"[208,7]",728,0,0,0,
TVS,FINANCIAL_RAW_FETCH_ONLY,INCOME_STATEMENT,LIVE_FETCHED,True,OK,"[79,7]",300,0,0,0,
TVS,FINANCIAL_RAW_FETCH_ONLY,CASH_FLOW,LIVE_FETCHED,True,OK,"[148,7]",492,0,0,0,
UNI,NON_FINANCIAL,BALANCE_SHEET,LIVE_FETCHED,True,OK,"[122,7]",408,0,0,0,
UNI,NON_FINANCIAL,INCOME_STATEMENT,LIVE_FETCHED,True,OK,"[25,7]",100,0,0,0,
UNI,NON_FINANCIAL,CASH_FLOW,LIVE_FETCHED,True,OK,"[41,7]",164,0,0,0,
VAB,FINANCIAL_RAW_FETCH_ONLY,BALANCE_SHEET,LIVE_FETCHED,True,OK,"[86,7]",288,0,0,0,
VAB,FINANCIAL_RAW_FETCH_ONLY,INCOME_STATEMENT,LIVE_FETCHED,True,OK,"[26,7]",104,0,0,0,
VAB,FINANCIAL_RAW_FETCH_ONLY,CASH_FLOW,LIVE_FETCHED,True,OK,"[52,7]",208,0,0,0,
VC3,NON_FINANCIAL,BALANCE_SHEET,LIVE_FETCHED,True,OK,"[122,7]",408,0,0,0,
VC3,NON_FINANCIAL,INCOME_STATEMENT,LIVE_FETCHED,True,OK,"[25,7]",100,0,0,0,
VC3,NON_FINANCIAL,CASH_FLOW,LIVE_FETCHED,True,OK,"[41,7]",164,0,0,0,
VC7,NON_FINANCIAL,BALANCE_SHEET,CACHED_RAW_RENORMALIZED,True,OK,"[122,7]",408,0,0,0,
VC7,NON_FINANCIAL,INCOME_STATEMENT,LIVE_FETCHED,True,OK,"[25,7]",100,0,0,0,
VC7,NON_FINANCIAL,CASH_FLOW,LIVE_FETCHED,True,OK,"[41,7]",164,0,0,0,
VCB,FINANCIAL_RAW_FETCH_ONLY,BALANCE_SHEET,CACHED_RAW_RENORMALIZED,True,OK,"[86,7]",288,0,0,0,
VCB,FINANCIAL_RAW_FETCH_ONLY,INCOME_STATEMENT,CACHED_RAW_RENORMALIZED,True,OK,"[26,7]",104,0,0,0,
VCB,FINANCIAL_RAW_FETCH_ONLY,CASH_FLOW,CACHED_RAW_RENORMALIZED,True,OK,"[52,7]",208,0,0,0,
VCG,NON_FINANCIAL,BALANCE_SHEET,LIVE_FETCHED,True,OK,"[122,7]",408,0,0,0,
VCG,NON_FINANCIAL,INCOME_STATEMENT,LIVE_FETCHED,True,OK,"[25,7]",100,0,0,0,
VCG,NON_FINANCIAL,CASH_FLOW,LIVE_FETCHED,True,OK,"[41,7]",164,0,0,0,
VCI,FINANCIAL_RAW_FETCH_ONLY,BALANCE_SHEET,LIVE_FETCHED,True,OK,"[208,7]",728,0,0,0,
VCI,FINANCIAL_RAW_FETCH_ONLY,INCOME_STATEMENT,LIVE_FETCHED,True,OK,"[79,7]",300,0,0,0,
VCI,FINANCIAL_RAW_FETCH_ONLY,CASH_FLOW,LIVE_FETCHED,True,OK,"[148,7]",492,0,0,0,
VCK,FINANCIAL_RAW_FETCH_ONLY,BALANCE_SHEET,LIVE_FETCHED,True,OK,"[208,7]",728,0,0,0,
VCK,FINANCIAL_RAW_FETCH_ONLY,INCOME_STATEMENT,LIVE_FETCHED,True,OK,"[79,7]",300,0,0,0,
VCK,FINANCIAL_RAW_FETCH_ONLY,CASH_FLOW,LIVE_FETCHED,True,OK,"[148,7]",492,0,0,0,
VCS,NON_FINANCIAL,BALANCE_SHEET,CACHED_RAW_RENORMALIZED,True,OK,"[122,7]",408,0,0,0,
VCS,NON_FINANCIAL,INCOME_STATEMENT,CACHED_RAW_RENORMALIZED,True,OK,"[25,7]",100,0,0,0,
VCS,NON_FINANCIAL,CASH_FLOW,CACHED_RAW_RENORMALIZED,True,OK,"[41,7]",164,0,0,0,
VDS,FINANCIAL_RAW_FETCH_ONLY,BALANCE_SHEET,LIVE_FETCHED,True,OK,"[208,7]",728,0,0,0,
VDS,FINANCIAL_RAW_FETCH_ONLY,INCOME_STATEMENT,LIVE_FETCHED,True,OK,"[79,7]",300,0,0,0,
VDS,FINANCIAL_RAW_FETCH_ONLY,CASH_FLOW,LIVE_FETCHED,True,OK,"[148,7]",492,0,0,0,
VEA,NON_FINANCIAL,BALANCE_SHEET,LIVE_FETCHED,True,OK,"[122,7]",408,0,0,0,
VEA,NON_FINANCIAL,INCOME_STATEMENT,LIVE_FETCHED,True,OK,"[25,7]",100,0,0,0,
VEA,NON_FINANCIAL,CASH_FLOW,LIVE_FETCHED,True,OK,"[41,7]",164,0,0,0,
VFG,NON_FINANCIAL,BALANCE_SHEET,LIVE_FETCHED,True,OK,"[122,7]",408,0,0,0,
VFG,NON_FINANCIAL,INCOME_STATEMENT,LIVE_FETCHED,True,OK,"[25,7]",100,0,0,0,
VFG,NON_FINANCIAL,CASH_FLOW,LIVE_FETCHED,True,OK,"[41,7]",164,0,0,0,
VFS,FINANCIAL_RAW_FETCH_ONLY,BALANCE_SHEET,LIVE_FETCHED,True,OK,"[208,7]",728,0,0,0,
VFS,FINANCIAL_RAW_FETCH_ONLY,INCOME_STATEMENT,LIVE_FETCHED,True,OK,"[79,7]",300,0,0,0,
VFS,FINANCIAL_RAW_FETCH_ONLY,CASH_FLOW,LIVE_FETCHED,True,OK,"[148,7]",492,0,0,0,
VGC,NON_FINANCIAL,BALANCE_SHEET,LIVE_FETCHED,True,OK,"[122,7]",408,0,0,0,
VGC,NON_FINANCIAL,INCOME_STATEMENT,LIVE_FETCHED,True,OK,"[25,7]",100,0,0,0,
VGC,NON_FINANCIAL,CASH_FLOW,LIVE_FETCHED,True,OK,"[41,7]",164,0,0,0,
VGI,NON_FINANCIAL,BALANCE_SHEET,LIVE_FETCHED,True,OK,"[122,7]",408,0,0,0,
VGI,NON_FINANCIAL,INCOME_STATEMENT,LIVE_FETCHED,True,OK,"[25,7]",100,0,0,0,
VGI,NON_FINANCIAL,CASH_FLOW,LIVE_FETCHED,True,OK,"[41,7]",164,0,0,0,
VGR,NON_FINANCIAL,BALANCE_SHEET,LIVE_FETCHED,True,OK,"[122,7]",408,0,0,0,
VGR,NON_FINANCIAL,INCOME_STATEMENT,LIVE_FETCHED,True,OK,"[25,7]",100,0,0,0,
VGR,NON_FINANCIAL,CASH_FLOW,LIVE_FETCHED,True,OK,"[41,7]",164,0,0,0,
VGS,NON_FINANCIAL,BALANCE_SHEET,LIVE_FETCHED,True,OK,"[122,7]",408,0,0,0,
VGS,NON_FINANCIAL,INCOME_STATEMENT,LIVE_FETCHED,True,OK,"[25,7]",100,0,0,0,
VGS,NON_FINANCIAL,CASH_FLOW,LIVE_FETCHED,True,OK,"[41,7]",164,0,0,0,
VGT,NON_FINANCIAL,BALANCE_SHEET,LIVE_FETCHED,True,OK,"[122,7]",408,0,0,0,
VGT,NON_FINANCIAL,INCOME_STATEMENT,LIVE_FETCHED,True,OK,"[25,7]",100,0,0,0,
VGT,NON_FINANCIAL,CASH_FLOW,LIVE_FETCHED,True,OK,"[41,7]",164,0,0,0,
VHC,NON_FINANCIAL,BALANCE_SHEET,CACHED_RAW_RENORMALIZED,True,OK,"[122,7]",408,0,0,0,
VHC,NON_FINANCIAL,INCOME_STATEMENT,LIVE_FETCHED,True,OK,"[25,7]",100,0,0,0,
VHC,NON_FINANCIAL,CASH_FLOW,LIVE_FETCHED,True,OK,"[41,7]",164,0,0,0,
VHE,NON_FINANCIAL,BALANCE_SHEET,LIVE_FETCHED,True,OK,"[122,7]",408,0,0,0,
VHE,NON_FINANCIAL,INCOME_STATEMENT,LIVE_FETCHED,True,OK,"[25,7]",100,0,0,0,
VHE,NON_FINANCIAL,CASH_FLOW,LIVE_FETCHED,True,OK,"[41,7]",164,0,0,0,
VHG,NON_FINANCIAL,BALANCE_SHEET,LIVE_FETCHED,True,OK,"[122,7]",408,0,0,0,
VHG,NON_FINANCIAL,INCOME_STATEMENT,LIVE_FETCHED,True,OK,"[25,7]",100,0,0,0,
VHG,NON_FINANCIAL,CASH_FLOW,LIVE_FETCHED,True,OK,"[41,7]",164,0,0,0,
VHM,NON_FINANCIAL,BALANCE_SHEET,LIVE_FETCHED,True,OK,"[122,7]",408,0,0,0,
VHM,NON_FINANCIAL,INCOME_STATEMENT,LIVE_FETCHED,True,OK,"[25,7]",100,0,0,0,
VHM,NON_FINANCIAL,CASH_FLOW,LIVE_FETCHED,True,OK,"[41,7]",164,0,0,0,
VIB,FINANCIAL_RAW_FETCH_ONLY,BALANCE_SHEET,LIVE_FETCHED,True,OK,"[86,7]",288,0,0,0,
VIB,FINANCIAL_RAW_FETCH_ONLY,INCOME_STATEMENT,LIVE_FETCHED,True,OK,"[26,7]",104,0,0,0,
VIB,FINANCIAL_RAW_FETCH_ONLY,CASH_FLOW,LIVE_FETCHED,True,OK,"[52,7]",208,0,0,0,
VIC,NON_FINANCIAL,BALANCE_SHEET,LIVE_FETCHED,True,OK,"[122,7]",408,0,0,0,
VIC,NON_FINANCIAL,INCOME_STATEMENT,LIVE_FETCHED,True,OK,"[25,7]",100,0,0,0,
VIC,NON_FINANCIAL,CASH_FLOW,LIVE_FETCHED,True,OK,"[41,7]",164,0,0,0,
VIP,NON_FINANCIAL,BALANCE_SHEET,LIVE_FETCHED,True,OK,"[122,7]",408,0,0,0,
VIP,NON_FINANCIAL,INCOME_STATEMENT,LIVE_FETCHED,True,OK,"[25,7]",100,0,0,0,
VIP,NON_FINANCIAL,CASH_FLOW,LIVE_FETCHED,True,OK,"[41,7]",164,0,0,0,
VIT,NON_FINANCIAL,BALANCE_SHEET,LIVE_FETCHED,True,OK,"[122,7]",408,0,0,0,
VIT,NON_FINANCIAL,INCOME_STATEMENT,LIVE_FETCHED,True,OK,"[25,7]",100,0,0,0,
VIT,NON_FINANCIAL,CASH_FLOW,LIVE_FETCHED,True,OK,"[41,7]",164,0,0,0,
VIW,NON_FINANCIAL,BALANCE_SHEET,LIVE_FETCHED,True,OK,"[122,7]",408,0,0,0,
VIW,NON_FINANCIAL,INCOME_STATEMENT,LIVE_FETCHED,True,OK,"[25,7]",100,0,0,0,
VIW,NON_FINANCIAL,CASH_FLOW,LIVE_FETCHED,True,OK,"[41,7]",164,0,0,0,
VIX,FINANCIAL_RAW_FETCH_ONLY,BALANCE_SHEET,LIVE_FETCHED,True,OK,"[208,7]",728,0,0,0,
VIX,FINANCIAL_RAW_FETCH_ONLY,INCOME_STATEMENT,LIVE_FETCHED,True,OK,"[79,7]",300,0,0,0,
VIX,FINANCIAL_RAW_FETCH_ONLY,CASH_FLOW,LIVE_FETCHED,True,OK,"[148,7]",492,0,0,0,
VJC,NON_FINANCIAL,BALANCE_SHEET,LIVE_FETCHED,True,OK,"[122,7]",408,0,0,0,
VJC,NON_FINANCIAL,INCOME_STATEMENT,LIVE_FETCHED,True,OK,"[25,7]",100,0,0,0,
VJC,NON_FINANCIAL,CASH_FLOW,LIVE_FETCHED,True,OK,"[41,7]",164,0,0,0,
VLB,NON_FINANCIAL,BALANCE_SHEET,LIVE_FETCHED,True,OK,"[122,7]",408,0,0,0,
VLB,NON_FINANCIAL,INCOME_STATEMENT,LIVE_FETCHED,True,OK,"[25,7]",100,0,0,0,
VLB,NON_FINANCIAL,CASH_FLOW,LIVE_FETCHED,True,OK,"[41,7]",164,0,0,0,
VLC,NON_FINANCIAL,BALANCE_SHEET,LIVE_FETCHED,True,OK,"[122,7]",408,0,0,0,
VLC,NON_FINANCIAL,INCOME_STATEMENT,LIVE_FETCHED,True,OK,"[25,7]",100,0,0,0,
VLC,NON_FINANCIAL,CASH_FLOW,LIVE_FETCHED,True,OK,"[41,7]",164,0,0,0,
VND,FINANCIAL_RAW_FETCH_ONLY,BALANCE_SHEET,LIVE_FETCHED,True,OK,"[208,7]",728,0,0,0,
VND,FINANCIAL_RAW_FETCH_ONLY,INCOME_STATEMENT,LIVE_FETCHED,True,OK,"[79,7]",300,0,0,0,
VND,FINANCIAL_RAW_FETCH_ONLY,CASH_FLOW,LIVE_FETCHED,True,OK,"[148,7]",492,0,0,0,
VNM,NON_FINANCIAL,BALANCE_SHEET,CACHED_RAW_RENORMALIZED,True,OK,"[122,7]",408,0,0,0,
VNM,NON_FINANCIAL,INCOME_STATEMENT,CACHED_RAW_RENORMALIZED,True,OK,"[25,7]",100,0,0,0,
VNM,NON_FINANCIAL,CASH_FLOW,CACHED_RAW_RENORMALIZED,True,OK,"[41,7]",164,0,0,0,
VNZ,NON_FINANCIAL,BALANCE_SHEET,LIVE_FETCHED,True,OK,"[122,7]",408,0,0,0,
VNZ,NON_FINANCIAL,INCOME_STATEMENT,LIVE_FETCHED,True,OK,"[25,7]",100,0,0,0,
VNZ,NON_FINANCIAL,CASH_FLOW,LIVE_FETCHED,True,OK,"[41,7]",164,0,0,0,
VOS,NON_FINANCIAL,BALANCE_SHEET,CACHED_RAW_RENORMALIZED,True,OK,"[122,7]",408,0,0,0,
VOS,NON_FINANCIAL,INCOME_STATEMENT,CACHED_RAW_RENORMALIZED,True,OK,"[25,7]",100,0,0,0,
VOS,NON_FINANCIAL,CASH_FLOW,CACHED_RAW_RENORMALIZED,True,OK,"[41,7]",164,0,0,0,
VPB,FINANCIAL_RAW_FETCH_ONLY,BALANCE_SHEET,LIVE_FETCHED,True,OK,"[86,7]",288,0,0,0,
VPB,FINANCIAL_RAW_FETCH_ONLY,INCOME_STATEMENT,LIVE_FETCHED,True,OK,"[26,7]",104,0,0,0,
VPB,FINANCIAL_RAW_FETCH_ONLY,CASH_FLOW,LIVE_FETCHED,True,OK,"[52,7]",208,0,0,0,
VPG,NON_FINANCIAL,BALANCE_SHEET,LIVE_FETCHED,True,OK,"[122,7]",408,0,0,0,
VPG,NON_FINANCIAL,INCOME_STATEMENT,LIVE_FETCHED,True,OK,"[25,7]",100,0,0,0,
VPG,NON_FINANCIAL,CASH_FLOW,LIVE_FETCHED,True,OK,"[41,7]",164,0,0,0,
VPI,NON_FINANCIAL,BALANCE_SHEET,LIVE_FETCHED,True,OK,"[122,7]",408,0,0,0,
VPI,NON_FINANCIAL,INCOME_STATEMENT,LIVE_FETCHED,True,OK,"[25,7]",100,0,0,0,
VPI,NON_FINANCIAL,CASH_FLOW,LIVE_FETCHED,True,OK,"[41,7]",164,0,0,0,
VPL,NON_FINANCIAL,BALANCE_SHEET,LIVE_FETCHED,True,OK,"[122,7]",408,0,0,0,
VPL,NON_FINANCIAL,INCOME_STATEMENT,LIVE_FETCHED,True,OK,"[25,7]",100,0,0,0,
VPL,NON_FINANCIAL,CASH_FLOW,LIVE_FETCHED,True,OK,"[41,7]",164,0,0,0,
VPX,FINANCIAL_RAW_FETCH_ONLY,BALANCE_SHEET,LIVE_FETCHED,True,OK,"[208,7]",728,0,0,0,
VPX,FINANCIAL_RAW_FETCH_ONLY,INCOME_STATEMENT,LIVE_FETCHED,True,OK,"[79,7]",300,0,0,0,
VPX,FINANCIAL_RAW_FETCH_ONLY,CASH_FLOW,LIVE_FETCHED,True,OK,"[148,7]",492,0,0,0,
VRE,NON_FINANCIAL,BALANCE_SHEET,LIVE_FETCHED,True,OK,"[122,7]",408,0,0,0,
VRE,NON_FINANCIAL,INCOME_STATEMENT,LIVE_FETCHED,True,OK,"[25,7]",100,0,0,0,
VRE,NON_FINANCIAL,CASH_FLOW,LIVE_FETCHED,True,OK,"[41,7]",164,0,0,0,
VSC,NON_FINANCIAL,BALANCE_SHEET,LIVE_FETCHED,True,OK,"[122,7]",408,0,0,0,
VSC,NON_FINANCIAL,INCOME_STATEMENT,LIVE_FETCHED,True,OK,"[25,7]",100,0,0,0,
VSC,NON_FINANCIAL,CASH_FLOW,LIVE_FETCHED,True,OK,"[41,7]",164,0,0,0,
VSF,NON_FINANCIAL,BALANCE_SHEET,LIVE_FETCHED,True,OK,"[122,7]",408,0,0,0,
VSF,NON_FINANCIAL,INCOME_STATEMENT,LIVE_FETCHED,True,OK,"[25,7]",100,0,0,0,
VSF,NON_FINANCIAL,CASH_FLOW,LIVE_FETCHED,True,OK,"[41,7]",164,0,0,0,
VTD,NON_FINANCIAL,BALANCE_SHEET,LIVE_FETCHED,True,OK,"[122,7]",408,0,0,0,
VTD,NON_FINANCIAL,INCOME_STATEMENT,LIVE_FETCHED,True,OK,"[25,7]",100,0,0,0,
VTD,NON_FINANCIAL,CASH_FLOW,LIVE_FETCHED,True,OK,"[41,7]",164,0,0,0,
VTO,NON_FINANCIAL,BALANCE_SHEET,LIVE_FETCHED,True,OK,"[122,7]",408,0,0,0,
VTO,NON_FINANCIAL,INCOME_STATEMENT,LIVE_FETCHED,True,OK,"[25,7]",100,0,0,0,
VTO,NON_FINANCIAL,CASH_FLOW,LIVE_FETCHED,True,OK,"[41,7]",164,0,0,0,
VTP,NON_FINANCIAL,BALANCE_SHEET,LIVE_FETCHED,True,OK,"[122,7]",408,0,0,0,
VTP,NON_FINANCIAL,INCOME_STATEMENT,LIVE_FETCHED,True,OK,"[25,7]",100,0,0,0,
VTP,NON_FINANCIAL,CASH_FLOW,LIVE_FETCHED,True,OK,"[41,7]",164,0,0,0,
VTR,NON_FINANCIAL,BALANCE_SHEET,LIVE_FETCHED,True,OK,"[122,7]",408,0,0,0,
VTR,NON_FINANCIAL,INCOME_STATEMENT,LIVE_FETCHED,True,OK,"[25,7]",100,0,0,0,
VTR,NON_FINANCIAL,CASH_FLOW,LIVE_FETCHED,True,OK,"[41,7]",164,0,0,0,
VTZ,NON_FINANCIAL,BALANCE_SHEET,LIVE_FETCHED,True,OK,"[122,7]",408,0,0,0,
VTZ,NON_FINANCIAL,INCOME_STATEMENT,LIVE_FETCHED,True,OK,"[25,7]",100,0,0,0,
VTZ,NON_FINANCIAL,CASH_FLOW,LIVE_FETCHED,True,OK,"[41,7]",164,0,0,0,
VVS,NON_FINANCIAL,BALANCE_SHEET,CACHED_RAW_RENORMALIZED,True,OK,"[122,7]",408,0,0,0,
VVS,NON_FINANCIAL,INCOME_STATEMENT,LIVE_FETCHED,True,OK,"[25,7]",100,0,0,0,
VVS,NON_FINANCIAL,CASH_FLOW,LIVE_FETCHED,True,OK,"[41,7]",164,0,0,0,
YEG,NON_FINANCIAL,BALANCE_SHEET,LIVE_FETCHED,True,OK,"[122,7]",408,0,0,0,
YEG,NON_FINANCIAL,INCOME_STATEMENT,LIVE_FETCHED,True,OK,"[25,7]",100,0,0,0,
YEG,NON_FINANCIAL,CASH_FLOW,LIVE_FETCHED,True,OK,"[41,7]",164,0,0,0,
