ticker,exchange,icb2,evaluation_date,income_quarter_cache_path,income_latest_as_of_observation_count,balance_quarter_cache_path,balance_latest_as_of_observation_count,eligible_quarter_count,selected_ttm_quarters,selected_quarter_available_from,four_consecutive_eligible_quarters,missing_one_quarter,missing_two_or_more_quarters,missing_quarter_count,duplicate_period_case,future_period_exclusion_count,future_row_exclusion_count,direct_market_cap_available,direct_market_cap_value,direct_market_cap_method,market_cap_blocker,overview_cache_path,price_cache_path,cached_direct_market_cap_value,shares_outstanding_available,raw_price_available,price_adjustment_status,proxy_market_cap_eligible,short_term_borrowings_available,long_term_borrowings_available,cash_and_cash_equivalents_available,minority_interests_available,ebit_candidate_operating_profit_loss_4q_available,ebit_candidate_net_accounting_profit_loss_before_tax_4q_available,ebit_candidate_interest_expenses_4q_available,ebit_candidate_financial_income_4q_available,ebit_candidate_financial_expenses_4q_available,ebit_candidate_other_incomes_4q_available,ebit_candidate_other_expenses_4q_available,ebit_candidate_net_other_income_expenses_4q_available,earnings_candidate_net_profit_loss_after_tax_4q_available,earnings_candidate_attributable_to_parent_company_4q_available,complete_tev_input_available,ebit_candidate_operating_line_inputs_available,ebit_candidate_pretax_interest_inputs_available,complete_ebit_tev_data_ready,complete_ep_total_data_ready,complete_ep_parent_data_ready,source,as_of,data_status
AAA,HOSE,HÓA CHẤT,2026-07-18,data/fundamentals/AAA/income_statement/quarter/2026-07-16/fd52c4b4353375f2/normalized.parquet,1,data/fundamentals/AAA/balance_sheet/quarter/2026-07-16/83889f386ea633dd/normalized.parquet,1,4,2026Q1|2025Q4|2025Q3|2025Q2,2026-04-30|2026-01-30|2025-10-30|2025-07-30,True,False,False,0,False,0,0,False,,UNAVAILABLE,NO_CACHED_PRICE_SOURCE,,,,False,False,NO_CACHED_PRICE_SOURCE,False,True,True,True,True,True,True,True,True,True,True,True,True,True,True,False,True,True,False,False,False,merged Sprint 4 survivors + existing immutable quarterly fundamentals cache,2026-07-16,READINESS_AUDIT_ONLY
ABT,HOSE,THỰC PHẨM VÀ ĐỒ UỐNG,2026-07-18,data/fundamentals/ABT/income_statement/quarter/2026-07-16/016a2b2671d59183/normalized.parquet,1,data/fundamentals/ABT/balance_sheet/quarter/2026-07-16/06cb1d12401058e9/normalized.parquet,1,4,2026Q1|2025Q4|2025Q3|2025Q2,2026-04-30|2026-01-30|2025-10-30|2025-07-30,True,False,False,0,False,0,0,False,,UNAVAILABLE,NO_CACHED_PRICE_SOURCE,,,,False,False,NO_CACHED_PRICE_SOURCE,False,True,True,True,True,True,True,True,True,True,True,True,True,True,True,False,True,True,False,False,False,merged Sprint 4 survivors + existing immutable quarterly fundamentals cache,2026-07-16,READINESS_AUDIT_ONLY
ADS,HOSE,HÀNG CÁ NHÂN & GIA DỤNG,2026-07-18,data/fundamentals/ADS/income_statement/quarter/2026-07-16/7f33a183a3a64fd4/normalized.parquet,1,data/fundamentals/ADS/balance_sheet/quarter/2026-07-16/d1abad4bfd864777/normalized.parquet,1,4,2026Q1|2025Q4|2025Q3|2025Q2,2026-04-30|2026-01-30|2025-10-30|2025-07-30,True,False,False,0,False,0,0,False,,UNAVAILABLE,NO_CACHED_PRICE_SOURCE,,,,False,False,NO_CACHED_PRICE_SOURCE,False,True,True,True,True,True,True,True,True,True,True,True,True,True,True,False,True,True,False,False,False,merged Sprint 4 survivors + existing immutable quarterly fundamentals cache,2026-07-16,READINESS_AUDIT_ONLY
AGG,HOSE,BẤT ĐỘNG SẢN,2026-07-18,data/fundamentals/AGG/income_statement/quarter/2026-07-16/2af3481f0bf9a50a/normalized.parquet,1,data/fundamentals/AGG/balance_sheet/quarter/2026-07-16/ffc1d310afcf0ead/normalized.parquet,1,4,2026Q1|2025Q4|2025Q3|2025Q2,2026-04-30|2026-01-30|2025-10-30|2025-07-30,True,False,False,0,False,0,0,False,,UNAVAILABLE,NO_CACHED_PRICE_SOURCE,,,,False,False,NO_CACHED_PRICE_SOURCE,False,True,True,True,True,True,True,True,True,True,True,True,True,True,True,False,True,True,False,False,False,merged Sprint 4 survivors + existing immutable quarterly fundamentals cache,2026-07-16,READINESS_AUDIT_ONLY
ANV,HOSE,THỰC PHẨM VÀ ĐỒ UỐNG,2026-07-18,data/fundamentals/ANV/income_statement/quarter/2026-07-16/ce6cc67c63a08e5e/normalized.parquet,1,data/fundamentals/ANV/balance_sheet/quarter/2026-07-16/297c34e3b72158bc/normalized.parquet,1,4,2026Q1|2025Q4|2025Q3|2025Q2,2026-04-30|2026-01-30|2025-10-30|2025-07-30,True,False,False,0,False,0,0,False,,UNAVAILABLE,NO_CACHED_PRICE_SOURCE,,,,False,False,NO_CACHED_PRICE_SOURCE,False,True,True,True,True,True,True,True,True,True,True,True,True,True,True,False,True,True,False,False,False,merged Sprint 4 survivors + existing immutable quarterly fundamentals cache,2026-07-16,READINESS_AUDIT_ONLY
ASM,HOSE,THỰC PHẨM VÀ ĐỒ UỐNG,2026-07-18,data/fundamentals/ASM/income_statement/quarter/2026-07-16/e877ccc3ba1f952f/normalized.parquet,1,data/fundamentals/ASM/balance_sheet/quarter/2026-07-15/61a3ef3687e04d23/normalized.parquet,1,4,2026Q1|2025Q4|2025Q3|2025Q2,2026-04-30|2026-01-30|2025-10-30|2025-07-30,True,False,False,0,False,0,0,False,,UNAVAILABLE,NO_CACHED_PRICE_SOURCE,,,,False,False,NO_CACHED_PRICE_SOURCE,False,True,True,True,True,True,True,True,True,True,True,True,True,True,True,False,True,True,False,False,False,merged Sprint 4 survivors + existing immutable quarterly fundamentals cache,2026-07-16,READINESS_AUDIT_ONLY
BCM,HOSE,BẤT ĐỘNG SẢN,2026-07-18,data/fundamentals/BCM/income_statement/quarter/2026-07-16/e40de391a38b92f6/normalized.parquet,1,data/fundamentals/BCM/balance_sheet/quarter/2026-07-16/d4d88fad853abeb0/normalized.parquet,1,4,2026Q1|2025Q4|2025Q3|2025Q2,2026-04-30|2026-01-30|2025-10-30|2025-07-30,True,False,False,0,False,0,0,False,,UNAVAILABLE,NO_CACHED_PRICE_SOURCE,,,,False,False,NO_CACHED_PRICE_SOURCE,False,True,True,True,True,True,True,True,True,True,True,True,True,True,True,False,True,True,False,False,False,merged Sprint 4 survivors + existing immutable quarterly fundamentals cache,2026-07-16,READINESS_AUDIT_ONLY
BKG,HOSE,HÀNG CÁ NHÂN & GIA DỤNG,2026-07-18,data/fundamentals/BKG/income_statement/quarter/2026-07-16/fd05c8b11cc42190/normalized.parquet,1,data/fundamentals/BKG/balance_sheet/quarter/2026-07-16/43777069454e617a/normalized.parquet,1,4,2026Q1|2025Q4|2025Q3|2025Q2,2026-04-30|2026-01-30|2025-10-30|2025-07-30,True,False,False,0,False,0,0,False,,UNAVAILABLE,NO_CACHED_PRICE_SOURCE,,,,False,False,NO_CACHED_PRICE_SOURCE,False,True,True,True,True,True,True,True,True,True,True,True,True,True,True,False,True,True,False,False,False,merged Sprint 4 survivors + existing immutable quarterly fundamentals cache,2026-07-16,READINESS_AUDIT_ONLY
BMP,HOSE,XÂY DỰNG VÀ VẬT LIỆU,2026-07-18,data/fundamentals/BMP/income_statement/quarter/2026-07-16/ecdeec178986b4e6/normalized.parquet,1,data/fundamentals/BMP/balance_sheet/quarter/2026-07-16/6ab218d30675ab9d/normalized.parquet,1,4,2026Q1|2025Q4|2025Q3|2025Q2,2026-04-30|2026-01-30|2025-10-30|2025-07-30,True,False,False,0,False,0,0,False,,UNAVAILABLE,NO_CACHED_PRICE_SOURCE,,,,False,False,NO_CACHED_PRICE_SOURCE,False,True,True,True,True,True,True,True,True,True,True,True,True,True,True,False,True,True,False,False,False,merged Sprint 4 survivors + existing immutable quarterly fundamentals cache,2026-07-16,READINESS_AUDIT_ONLY
BWE,HOSE,"ĐIỆN, NƯỚC & XĂNG DẦU KHÍ ĐỐT",2026-07-18,data/fundamentals/BWE/income_statement/quarter/2026-07-16/570e3a25fcce1e8b/normalized.parquet,1,data/fundamentals/BWE/balance_sheet/quarter/2026-07-16/7ffe42c73896b311/normalized.parquet,1,4,2026Q1|2025Q4|2025Q3|2025Q2,2026-04-30|2026-01-30|2025-10-30|2025-07-30,True,False,False,0,False,0,0,False,,UNAVAILABLE,NO_CACHED_PRICE_SOURCE,,,,False,False,NO_CACHED_PRICE_SOURCE,False,True,True,True,True,True,True,True,True,True,True,True,True,True,True,False,True,True,False,False,False,merged Sprint 4 survivors + existing immutable quarterly fundamentals cache,2026-07-16,READINESS_AUDIT_ONLY
C32,HOSE,XÂY DỰNG VÀ VẬT LIỆU,2026-07-18,data/fundamentals/C32/income_statement/quarter/2026-07-16/adf5641684265b9d/normalized.parquet,1,data/fundamentals/C32/balance_sheet/quarter/2026-07-16/956262318a056421/normalized.parquet,1,4,2026Q1|2025Q4|2025Q3|2025Q2,2026-04-30|2026-01-30|2025-10-30|2025-07-30,True,False,False,0,False,0,0,False,,UNAVAILABLE,NO_CACHED_PRICE_SOURCE,,,,False,False,NO_CACHED_PRICE_SOURCE,False,True,True,True,True,True,True,True,True,True,True,True,True,True,True,False,True,True,False,False,False,merged Sprint 4 survivors + existing immutable quarterly fundamentals cache,2026-07-16,READINESS_AUDIT_ONLY
CII,HOSE,XÂY DỰNG VÀ VẬT LIỆU,2026-07-18,data/fundamentals/CII/income_statement/quarter/2026-07-16/3c7b30df9fa449b7/normalized.parquet,1,data/fundamentals/CII/balance_sheet/quarter/2026-07-16/72e187384017e917/normalized.parquet,1,4,2026Q1|2025Q4|2025Q3|2025Q2,2026-04-30|2026-01-30|2025-10-30|2025-07-30,True,False,False,0,False,0,0,False,,UNAVAILABLE,NO_CACHED_PRICE_SOURCE,,,,False,False,NO_CACHED_PRICE_SOURCE,False,True,True,True,True,True,True,True,True,True,True,True,True,True,True,False,True,True,False,False,False,merged Sprint 4 survivors + existing immutable quarterly fundamentals cache,2026-07-16,READINESS_AUDIT_ONLY
CLW,HOSE,"ĐIỆN, NƯỚC & XĂNG DẦU KHÍ ĐỐT",2026-07-18,data/fundamentals/CLW/income_statement/quarter/2026-07-16/8943eff6855c8619/normalized.parquet,1,data/fundamentals/CLW/balance_sheet/quarter/2026-07-16/c09e036a3cfd4e46/normalized.parquet,1,4,2026Q1|2025Q4|2025Q3|2025Q2,2026-04-30|2026-01-30|2025-10-30|2025-07-30,True,False,False,0,False,0,0,False,,UNAVAILABLE,NO_CACHED_PRICE_SOURCE,,,,False,False,NO_CACHED_PRICE_SOURCE,False,True,True,True,True,True,True,True,True,True,True,True,True,True,True,False,True,True,False,False,False,merged Sprint 4 survivors + existing immutable quarterly fundamentals cache,2026-07-16,READINESS_AUDIT_ONLY
CMG,HOSE,CÔNG NGHỆ THÔNG TIN,2026-07-18,data/fundamentals/CMG/income_statement/quarter/2026-07-16/3ffba9696f8d167c/normalized.parquet,1,data/fundamentals/CMG/balance_sheet/quarter/2026-07-16/5913001fa43cd3f1/normalized.parquet,1,4,2026Q1|2025Q4|2025Q3|2025Q2,2026-04-30|2026-01-30|2025-10-30|2025-07-30,True,False,False,0,False,0,0,False,,UNAVAILABLE,NO_CACHED_PRICE_SOURCE,,,,False,False,NO_CACHED_PRICE_SOURCE,False,True,True,True,True,True,True,True,True,True,True,True,True,True,True,False,True,True,False,False,False,merged Sprint 4 survivors + existing immutable quarterly fundamentals cache,2026-07-16,READINESS_AUDIT_ONLY
CSM,HOSE,Ô TÔ VÀ PHỤ TÙNG,2026-07-18,data/fundamentals/CSM/income_statement/quarter/2026-07-16/66638f16e9373670/normalized.parquet,1,data/fundamentals/CSM/balance_sheet/quarter/2026-07-16/7deae7e6990f1d8a/normalized.parquet,1,4,2026Q1|2025Q4|2025Q3|2025Q2,2026-04-30|2026-01-30|2025-10-30|2025-07-30,True,False,False,0,False,0,0,False,,UNAVAILABLE,NO_CACHED_PRICE_SOURCE,,,,False,False,NO_CACHED_PRICE_SOURCE,False,True,True,True,True,True,True,True,True,True,True,True,True,True,True,False,True,True,False,False,False,merged Sprint 4 survivors + existing immutable quarterly fundamentals cache,2026-07-16,READINESS_AUDIT_ONLY
CSV,HOSE,HÓA CHẤT,2026-07-18,data/fundamentals/CSV/income_statement/quarter/2026-07-16/b7b75617397f1484/normalized.parquet,1,data/fundamentals/CSV/balance_sheet/quarter/2026-07-16/6ac15e991b19c2f3/normalized.parquet,1,4,2026Q1|2025Q4|2025Q3|2025Q2,2026-04-30|2026-01-30|2025-10-30|2025-07-30,True,False,False,0,False,0,0,False,,UNAVAILABLE,NO_CACHED_PRICE_SOURCE,,,,False,False,NO_CACHED_PRICE_SOURCE,False,True,True,True,True,True,True,True,True,True,True,True,True,True,True,False,True,True,False,False,False,merged Sprint 4 survivors + existing immutable quarterly fundamentals cache,2026-07-16,READINESS_AUDIT_ONLY
CTD,HOSE,XÂY DỰNG VÀ VẬT LIỆU,2026-07-18,data/fundamentals/CTD/income_statement/quarter/2026-07-16/ade0b80d3f786cd8/normalized.parquet,1,data/fundamentals/CTD/balance_sheet/quarter/2026-07-16/1fb5746aab9ca196/normalized.parquet,1,4,2026Q1|2025Q4|2025Q3|2025Q2,2026-04-30|2026-01-30|2025-10-30|2025-07-30,True,False,False,0,False,0,0,False,,UNAVAILABLE,NO_CACHED_PRICE_SOURCE,,,,False,False,NO_CACHED_PRICE_SOURCE,False,True,True,True,True,True,True,True,True,True,True,True,True,True,True,False,True,True,False,False,False,merged Sprint 4 survivors + existing immutable quarterly fundamentals cache,2026-07-16,READINESS_AUDIT_ONLY
CTF,HOSE,Ô TÔ VÀ PHỤ TÙNG,2026-07-18,data/fundamentals/CTF/income_statement/quarter/2026-07-16/e85798bbd09d2a8e/normalized.parquet,1,data/fundamentals/CTF/balance_sheet/quarter/2026-07-15/cfde9a7c59f8c70c/normalized.parquet,1,4,2026Q1|2025Q4|2025Q3|2025Q2,2026-04-30|2026-01-30|2025-10-30|2025-07-30,True,False,False,0,False,0,0,False,,UNAVAILABLE,NO_CACHED_PRICE_SOURCE,,,,False,False,NO_CACHED_PRICE_SOURCE,False,False,False,False,False,True,True,True,True,True,True,True,True,True,True,False,True,True,False,False,False,merged Sprint 4 survivors + existing immutable quarterly fundamentals cache,2026-07-16,READINESS_AUDIT_ONLY
CTI,HOSE,XÂY DỰNG VÀ VẬT LIỆU,2026-07-18,data/fundamentals/CTI/income_statement/quarter/2026-07-16/010c1b6d9d7cce52/normalized.parquet,1,data/fundamentals/CTI/balance_sheet/quarter/2026-07-15/4ce165146a2e8cfc/normalized.parquet,1,4,2026Q1|2025Q4|2025Q3|2025Q2,2026-04-30|2026-01-30|2025-10-30|2025-07-30,True,False,False,0,False,0,0,False,,UNAVAILABLE,NO_CACHED_PRICE_SOURCE,,,,False,False,NO_CACHED_PRICE_SOURCE,False,True,True,True,True,True,True,True,True,True,True,True,True,True,True,False,True,True,False,False,False,merged Sprint 4 survivors + existing immutable quarterly fundamentals cache,2026-07-16,READINESS_AUDIT_ONLY
CTR,HOSE,XÂY DỰNG VÀ VẬT LIỆU,2026-07-18,data/fundamentals/CTR/income_statement/quarter/2026-07-16/43ea7a33f1d999ce/normalized.parquet,1,data/fundamentals/CTR/balance_sheet/quarter/2026-07-16/4f34ded35f562f76/normalized.parquet,1,4,2026Q1|2025Q4|2025Q3|2025Q2,2026-04-30|2026-01-30|2025-10-30|2025-07-30,True,False,False,0,False,0,0,False,,UNAVAILABLE,NO_CACHED_PRICE_SOURCE,,,,False,False,NO_CACHED_PRICE_SOURCE,False,True,True,True,True,True,True,True,True,True,True,True,True,True,True,False,True,True,False,False,False,merged Sprint 4 survivors + existing immutable quarterly fundamentals cache,2026-07-16,READINESS_AUDIT_ONLY
D2D,HOSE,BẤT ĐỘNG SẢN,2026-07-18,data/fundamentals/D2D/income_statement/quarter/2026-07-16/83c96b34adaa4c0f/normalized.parquet,1,data/fundamentals/D2D/balance_sheet/quarter/2026-07-15/72006c0eb4efeb7b/normalized.parquet,1,4,2026Q1|2025Q4|2025Q3|2025Q2,2026-04-30|2026-01-30|2025-10-30|2025-07-30,True,False,False,0,False,0,0,False,,UNAVAILABLE,NO_CACHED_PRICE_SOURCE,,,,False,False,NO_CACHED_PRICE_SOURCE,False,True,True,True,True,True,True,True,True,True,True,True,True,True,True,False,True,True,False,False,False,merged Sprint 4 survivors + existing immutable quarterly fundamentals cache,2026-07-16,READINESS_AUDIT_ONLY
DBC,HOSE,THỰC PHẨM VÀ ĐỒ UỐNG,2026-07-18,data/fundamentals/DBC/income_statement/quarter/2026-07-16/3636f0599faef743/normalized.parquet,1,data/fundamentals/DBC/balance_sheet/quarter/2026-07-16/07fb4ff74b27e474/normalized.parquet,1,4,2026Q1|2025Q4|2025Q3|2025Q2,2026-04-30|2026-01-30|2025-10-30|2025-07-30,True,False,False,0,False,0,0,False,,UNAVAILABLE,NO_CACHED_PRICE_SOURCE,,,,False,False,NO_CACHED_PRICE_SOURCE,False,False,False,False,False,True,True,True,True,True,True,True,True,True,True,False,True,True,False,False,False,merged Sprint 4 survivors + existing immutable quarterly fundamentals cache,2026-07-16,READINESS_AUDIT_ONLY
DBD,HOSE,Y TẾ,2026-07-18,data/fundamentals/DBD/income_statement/quarter/2026-07-16/5214b37d804fa208/normalized.parquet,1,data/fundamentals/DBD/balance_sheet/quarter/2026-07-16/d9c9f1db227183b6/normalized.parquet,1,4,2026Q1|2025Q4|2025Q3|2025Q2,2026-04-30|2026-01-30|2025-10-30|2025-07-30,True,False,False,0,False,0,0,False,,UNAVAILABLE,NO_CACHED_PRICE_SOURCE,,,,False,False,NO_CACHED_PRICE_SOURCE,False,True,True,True,True,True,True,True,True,True,True,True,True,True,True,False,True,True,False,False,False,merged Sprint 4 survivors + existing immutable quarterly fundamentals cache,2026-07-16,READINESS_AUDIT_ONLY
DC4,HOSE,XÂY DỰNG VÀ VẬT LIỆU,2026-07-18,data/fundamentals/DC4/income_statement/quarter/2026-07-16/271aba91b4eb7e3f/normalized.parquet,1,data/fundamentals/DC4/balance_sheet/quarter/2026-07-16/fe832d71a883dcdc/normalized.parquet,1,4,2026Q1|2025Q4|2025Q3|2025Q2,2026-04-30|2026-01-30|2025-10-30|2025-07-30,True,False,False,0,False,0,0,False,,UNAVAILABLE,NO_CACHED_PRICE_SOURCE,,,,False,False,NO_CACHED_PRICE_SOURCE,False,True,True,True,True,True,True,True,True,True,True,True,True,True,True,False,True,True,False,False,False,merged Sprint 4 survivors + existing immutable quarterly fundamentals cache,2026-07-16,READINESS_AUDIT_ONLY
DCL,HOSE,Y TẾ,2026-07-18,data/fundamentals/DCL/income_statement/quarter/2026-07-16/0dfc129e5736540d/normalized.parquet,1,data/fundamentals/DCL/balance_sheet/quarter/2026-07-16/63e42ec59b420f8d/normalized.parquet,1,4,2026Q1|2025Q4|2025Q3|2025Q2,2026-04-30|2026-01-30|2025-10-30|2025-07-30,True,False,False,0,False,0,0,False,,UNAVAILABLE,NO_CACHED_PRICE_SOURCE,,,,False,False,NO_CACHED_PRICE_SOURCE,False,True,True,True,True,True,True,True,True,True,True,True,True,True,True,False,True,True,False,False,False,merged Sprint 4 survivors + existing immutable quarterly fundamentals cache,2026-07-16,READINESS_AUDIT_ONLY
DGC,HOSE,HÓA CHẤT,2026-07-18,data/fundamentals/DGC/income_statement/quarter/2026-07-16/0f33a62d74ccf168/normalized.parquet,1,data/fundamentals/DGC/balance_sheet/quarter/2026-07-16/0064bbd4474d5ecd/normalized.parquet,1,4,2026Q1|2025Q4|2025Q3|2025Q2,2026-04-30|2026-01-30|2025-10-30|2025-07-30,True,False,False,0,False,0,0,False,,UNAVAILABLE,NO_CACHED_PRICE_SOURCE,,,,False,False,NO_CACHED_PRICE_SOURCE,False,True,True,True,True,True,True,True,True,True,True,True,True,True,True,False,True,True,False,False,False,merged Sprint 4 survivors + existing immutable quarterly fundamentals cache,2026-07-16,READINESS_AUDIT_ONLY
DGW,HOSE,BÁN LẺ,2026-07-18,data/fundamentals/DGW/income_statement/quarter/2026-07-16/9200f1ac81124349/normalized.parquet,1,data/fundamentals/DGW/balance_sheet/quarter/2026-07-16/c95788a286ed5e76/normalized.parquet,1,4,2026Q1|2025Q4|2025Q3|2025Q2,2026-04-30|2026-01-30|2025-10-30|2025-07-30,True,False,False,0,False,0,0,False,,UNAVAILABLE,NO_CACHED_PRICE_SOURCE,,,,False,False,NO_CACHED_PRICE_SOURCE,False,True,True,True,True,True,True,True,True,True,True,True,True,True,True,False,True,True,False,False,False,merged Sprint 4 survivors + existing immutable quarterly fundamentals cache,2026-07-16,READINESS_AUDIT_ONLY
DHA,HOSE,XÂY DỰNG VÀ VẬT LIỆU,2026-07-18,data/fundamentals/DHA/income_statement/quarter/2026-07-16/147460b35be4809f/normalized.parquet,1,data/fundamentals/DHA/balance_sheet/quarter/2026-07-16/5e5d2738349144f8/normalized.parquet,1,4,2026Q1|2025Q4|2025Q3|2025Q2,2026-04-30|2026-01-30|2025-10-30|2025-07-30,True,False,False,0,False,0,0,False,,UNAVAILABLE,NO_CACHED_PRICE_SOURCE,,,,False,False,NO_CACHED_PRICE_SOURCE,False,True,True,True,True,True,True,True,True,True,True,True,True,True,True,False,True,True,False,False,False,merged Sprint 4 survivors + existing immutable quarterly fundamentals cache,2026-07-16,READINESS_AUDIT_ONLY
DHC,HOSE,TÀI NGUYÊN CƠ BẢN,2026-07-18,data/fundamentals/DHC/income_statement/quarter/2026-07-16/00ed47ac20d56ea2/normalized.parquet,1,data/fundamentals/DHC/balance_sheet/quarter/2026-07-16/f48801645c34dcdf/normalized.parquet,1,4,2026Q1|2025Q4|2025Q3|2025Q2,2026-04-30|2026-01-30|2025-10-30|2025-07-30,True,False,False,0,False,0,0,False,,UNAVAILABLE,NO_CACHED_PRICE_SOURCE,,,,False,False,NO_CACHED_PRICE_SOURCE,False,True,True,True,True,True,True,True,True,True,True,True,True,True,True,False,True,True,False,False,False,merged Sprint 4 survivors + existing immutable quarterly fundamentals cache,2026-07-16,READINESS_AUDIT_ONLY
DHG,HOSE,Y TẾ,2026-07-18,data/fundamentals/DHG/income_statement/quarter/2026-07-16/9fe018652633d170/normalized.parquet,1,data/fundamentals/DHG/balance_sheet/quarter/2026-07-16/75d57262d357389f/normalized.parquet,1,4,2026Q1|2025Q4|2025Q3|2025Q2,2026-04-30|2026-01-30|2025-10-30|2025-07-30,True,False,False,0,False,0,0,False,,UNAVAILABLE,NO_CACHED_PRICE_SOURCE,,,,False,False,NO_CACHED_PRICE_SOURCE,False,True,True,True,True,True,True,True,True,True,True,True,True,True,True,False,True,True,False,False,False,merged Sprint 4 survivors + existing immutable quarterly fundamentals cache,2026-07-16,READINESS_AUDIT_ONLY
DPR,HOSE,HÓA CHẤT,2026-07-18,data/fundamentals/DPR/income_statement/quarter/2026-07-16/e38b683f8addf72f/normalized.parquet,1,data/fundamentals/DPR/balance_sheet/quarter/2026-07-16/cde693914f0532ba/normalized.parquet,1,4,2026Q1|2025Q4|2025Q3|2025Q2,2026-04-30|2026-01-30|2025-10-30|2025-07-30,True,False,False,0,False,0,0,False,,UNAVAILABLE,NO_CACHED_PRICE_SOURCE,,,,False,False,NO_CACHED_PRICE_SOURCE,False,True,True,True,True,True,True,True,True,True,True,True,True,True,True,False,True,True,False,False,False,merged Sprint 4 survivors + existing immutable quarterly fundamentals cache,2026-07-16,READINESS_AUDIT_ONLY
DRC,HOSE,Ô TÔ VÀ PHỤ TÙNG,2026-07-18,data/fundamentals/DRC/income_statement/quarter/2026-07-16/4c06b0833062d8d0/normalized.parquet,1,data/fundamentals/DRC/balance_sheet/quarter/2026-07-16/77300ca1fdbfacd4/normalized.parquet,1,4,2026Q1|2025Q4|2025Q3|2025Q2,2026-04-30|2026-01-30|2025-10-30|2025-07-30,True,False,False,0,False,0,0,False,,UNAVAILABLE,NO_CACHED_PRICE_SOURCE,,,,False,False,NO_CACHED_PRICE_SOURCE,False,True,True,True,True,True,True,True,True,True,True,True,True,True,True,False,True,True,False,False,False,merged Sprint 4 survivors + existing immutable quarterly fundamentals cache,2026-07-16,READINESS_AUDIT_ONLY
DVP,HOSE,HÀNG & DỊCH VỤ CÔNG NGHIỆP,2026-07-18,data/fundamentals/DVP/income_statement/quarter/2026-07-16/0a9c72a1164cecf9/normalized.parquet,1,data/fundamentals/DVP/balance_sheet/quarter/2026-07-16/ddfc2e1ab2ed0cf4/normalized.parquet,1,4,2026Q1|2025Q4|2025Q3|2025Q2,2026-04-30|2026-01-30|2025-10-30|2025-07-30,True,False,False,0,False,0,0,False,,UNAVAILABLE,NO_CACHED_PRICE_SOURCE,,,,False,False,NO_CACHED_PRICE_SOURCE,False,True,True,True,True,True,True,True,True,True,True,True,True,True,True,False,True,True,False,False,False,merged Sprint 4 survivors + existing immutable quarterly fundamentals cache,2026-07-16,READINESS_AUDIT_ONLY
DXG,HOSE,BẤT ĐỘNG SẢN,2026-07-18,data/fundamentals/DXG/income_statement/quarter/2026-07-16/64635852347d33b2/normalized.parquet,1,data/fundamentals/DXG/balance_sheet/quarter/2026-07-16/bb5b1aa4efb46f0c/normalized.parquet,1,4,2026Q1|2025Q4|2025Q3|2025Q2,2026-04-30|2026-01-30|2025-10-30|2025-07-30,True,False,False,0,False,0,0,False,,UNAVAILABLE,NO_CACHED_PRICE_SOURCE,,,,False,False,NO_CACHED_PRICE_SOURCE,False,True,True,True,True,True,True,True,True,True,True,True,True,True,True,False,True,True,False,False,False,merged Sprint 4 survivors + existing immutable quarterly fundamentals cache,2026-07-16,READINESS_AUDIT_ONLY
DXS,HOSE,BẤT ĐỘNG SẢN,2026-07-18,data/fundamentals/DXS/income_statement/quarter/2026-07-16/c9eb0b7f1fd25f82/normalized.parquet,1,data/fundamentals/DXS/balance_sheet/quarter/2026-07-16/d07ce20d04baf084/normalized.parquet,1,4,2026Q1|2025Q4|2025Q3|2025Q2,2026-04-30|2026-01-30|2025-10-30|2025-07-30,True,False,False,0,False,0,0,False,,UNAVAILABLE,NO_CACHED_PRICE_SOURCE,,,,False,False,NO_CACHED_PRICE_SOURCE,False,True,True,True,True,True,True,True,True,True,True,True,True,True,True,False,True,True,False,False,False,merged Sprint 4 survivors + existing immutable quarterly fundamentals cache,2026-07-16,READINESS_AUDIT_ONLY
EVG,HOSE,XÂY DỰNG VÀ VẬT LIỆU,2026-07-18,data/fundamentals/EVG/income_statement/quarter/2026-07-16/9c92dbf7a4a4459e/normalized.parquet,1,data/fundamentals/EVG/balance_sheet/quarter/2026-07-15/cbb324af4bed8ded/normalized.parquet,1,4,2026Q1|2025Q4|2025Q3|2025Q2,2026-04-30|2026-01-30|2025-10-30|2025-07-30,True,False,False,0,False,0,0,False,,UNAVAILABLE,NO_CACHED_PRICE_SOURCE,,,,False,False,NO_CACHED_PRICE_SOURCE,False,True,True,True,True,True,True,True,True,True,True,True,True,True,True,False,True,True,False,False,False,merged Sprint 4 survivors + existing immutable quarterly fundamentals cache,2026-07-16,READINESS_AUDIT_ONLY
FCN,HOSE,XÂY DỰNG VÀ VẬT LIỆU,2026-07-18,data/fundamentals/FCN/income_statement/quarter/2026-07-16/e16471f3ab95b181/normalized.parquet,1,data/fundamentals/FCN/balance_sheet/quarter/2026-07-16/c5c436eff6b79e70/normalized.parquet,1,4,2026Q1|2025Q4|2025Q3|2025Q2,2026-04-30|2026-01-30|2025-10-30|2025-07-30,True,False,False,0,False,0,0,False,,UNAVAILABLE,NO_CACHED_PRICE_SOURCE,,,,False,False,NO_CACHED_PRICE_SOURCE,False,True,True,True,True,True,True,True,True,True,True,True,True,True,True,False,True,True,False,False,False,merged Sprint 4 survivors + existing immutable quarterly fundamentals cache,2026-07-16,READINESS_AUDIT_ONLY
FIR,HOSE,BẤT ĐỘNG SẢN,2026-07-18,data/fundamentals/FIR/income_statement/quarter/2026-07-16/46db4f254d21cb9b/normalized.parquet,1,data/fundamentals/FIR/balance_sheet/quarter/2026-07-16/a015524f1048c682/normalized.parquet,1,4,2026Q1|2025Q4|2025Q3|2025Q2,2026-04-30|2026-01-30|2025-10-30|2025-07-30,True,False,False,0,False,0,0,False,,UNAVAILABLE,NO_CACHED_PRICE_SOURCE,,,,False,False,NO_CACHED_PRICE_SOURCE,False,True,True,True,True,True,True,True,True,True,True,True,True,True,True,False,True,True,False,False,False,merged Sprint 4 survivors + existing immutable quarterly fundamentals cache,2026-07-16,READINESS_AUDIT_ONLY
FIT,HOSE,Y TẾ,2026-07-18,data/fundamentals/FIT/income_statement/quarter/2026-07-16/21526ef6ae28a805/normalized.parquet,1,data/fundamentals/FIT/balance_sheet/quarter/2026-07-16/03a72b9c3c4c787d/normalized.parquet,1,4,2026Q1|2025Q4|2025Q3|2025Q2,2026-04-30|2026-01-30|2025-10-30|2025-07-30,True,False,False,0,False,0,0,False,,UNAVAILABLE,NO_CACHED_PRICE_SOURCE,,,,False,False,NO_CACHED_PRICE_SOURCE,False,True,True,True,True,True,True,True,True,True,True,True,True,True,True,False,True,True,False,False,False,merged Sprint 4 survivors + existing immutable quarterly fundamentals cache,2026-07-16,READINESS_AUDIT_ONLY
FMC,HOSE,THỰC PHẨM VÀ ĐỒ UỐNG,2026-07-18,data/fundamentals/FMC/income_statement/quarter/2026-07-16/341a0eb3788b5b68/normalized.parquet,1,data/fundamentals/FMC/balance_sheet/quarter/2026-07-15/d9695e2bbc0e9ba4/normalized.parquet,1,4,2026Q1|2025Q4|2025Q3|2025Q2,2026-04-30|2026-01-30|2025-10-30|2025-07-30,True,False,False,0,False,0,0,False,,UNAVAILABLE,NO_CACHED_PRICE_SOURCE,,,,False,False,NO_CACHED_PRICE_SOURCE,False,True,True,True,True,True,True,True,True,True,True,True,True,True,True,False,True,True,False,False,False,merged Sprint 4 survivors + existing immutable quarterly fundamentals cache,2026-07-16,READINESS_AUDIT_ONLY
FPT,HOSE,CÔNG NGHỆ THÔNG TIN,2026-07-18,data/fundamentals/FPT/income_statement/quarter/2026-07-16/43e8f9a98ecae5df/normalized.parquet,1,data/fundamentals/FPT/balance_sheet/quarter/2026-07-16/21b4741053210269/normalized.parquet,1,4,2026Q1|2025Q4|2025Q3|2025Q2,2026-04-30|2026-01-30|2025-10-30|2025-07-30,True,False,False,0,False,0,0,False,,UNAVAILABLE,NO_CACHED_PRICE_SOURCE,,,,False,False,NO_CACHED_PRICE_SOURCE,False,True,True,True,True,True,True,True,True,True,True,True,True,True,True,False,True,True,False,False,False,merged Sprint 4 survivors + existing immutable quarterly fundamentals cache,2026-07-16,READINESS_AUDIT_ONLY
FRT,HOSE,BÁN LẺ,2026-07-18,data/fundamentals/FRT/income_statement/quarter/2026-07-16/c578d2127ff3ddab/normalized.parquet,1,data/fundamentals/FRT/balance_sheet/quarter/2026-07-16/495010b75b2e55ad/normalized.parquet,1,4,2026Q1|2025Q4|2025Q3|2025Q2,2026-04-30|2026-01-30|2025-10-30|2025-07-30,True,False,False,0,False,0,0,False,,UNAVAILABLE,NO_CACHED_PRICE_SOURCE,,,,False,False,NO_CACHED_PRICE_SOURCE,False,True,True,True,True,True,True,True,True,True,True,True,True,True,True,False,True,True,False,False,False,merged Sprint 4 survivors + existing immutable quarterly fundamentals cache,2026-07-16,READINESS_AUDIT_ONLY
GAS,HOSE,"ĐIỆN, NƯỚC & XĂNG DẦU KHÍ ĐỐT",2026-07-18,data/fundamentals/GAS/income_statement/quarter/2026-07-16/7641ac6bd301ee41/normalized.parquet,1,data/fundamentals/GAS/balance_sheet/quarter/2026-07-15/dba761cc52e36a93/normalized.parquet,1,4,2026Q1|2025Q4|2025Q3|2025Q2,2026-04-30|2026-01-30|2025-10-30|2025-07-30,True,False,False,0,False,0,0,False,,UNAVAILABLE,NO_CACHED_PRICE_SOURCE,,,,False,False,NO_CACHED_PRICE_SOURCE,False,True,True,True,True,True,True,True,True,True,True,True,True,True,True,False,True,True,False,False,False,merged Sprint 4 survivors + existing immutable quarterly fundamentals cache,2026-07-16,READINESS_AUDIT_ONLY
GEG,HOSE,"ĐIỆN, NƯỚC & XĂNG DẦU KHÍ ĐỐT",2026-07-18,data/fundamentals/GEG/income_statement/quarter/2026-07-16/d80bd15733b68f8b/normalized.parquet,1,data/fundamentals/GEG/balance_sheet/quarter/2026-07-16/1054de8eac033e5b/normalized.parquet,1,4,2026Q1|2025Q4|2025Q3|2025Q2,2026-04-30|2026-01-30|2025-10-30|2025-07-30,True,False,False,0,False,0,0,False,,UNAVAILABLE,NO_CACHED_PRICE_SOURCE,,,,False,False,NO_CACHED_PRICE_SOURCE,False,True,True,True,True,True,True,True,True,True,True,True,True,True,True,False,True,True,False,False,False,merged Sprint 4 survivors + existing immutable quarterly fundamentals cache,2026-07-16,READINESS_AUDIT_ONLY
GEX,HOSE,HÀNG & DỊCH VỤ CÔNG NGHIỆP,2026-07-18,data/fundamentals/GEX/income_statement/quarter/2026-07-16/c513ac5a0b5c97eb/normalized.parquet,1,data/fundamentals/GEX/balance_sheet/quarter/2026-07-16/bd0a69d683e0847e/normalized.parquet,1,4,2026Q1|2025Q4|2025Q3|2025Q2,2026-04-30|2026-01-30|2025-10-30|2025-07-30,True,False,False,0,False,0,0,False,,UNAVAILABLE,NO_CACHED_PRICE_SOURCE,,,,False,False,NO_CACHED_PRICE_SOURCE,False,True,True,True,True,True,True,True,True,True,True,True,True,True,True,False,True,True,False,False,False,merged Sprint 4 survivors + existing immutable quarterly fundamentals cache,2026-07-16,READINESS_AUDIT_ONLY
GMD,HOSE,HÀNG & DỊCH VỤ CÔNG NGHIỆP,2026-07-18,data/fundamentals/GMD/income_statement/quarter/2026-07-16/f9a98eb483b994cd/normalized.parquet,1,data/fundamentals/GMD/balance_sheet/quarter/2026-07-16/163111749d5b0d91/normalized.parquet,1,4,2026Q1|2025Q4|2025Q3|2025Q2,2026-04-30|2026-01-30|2025-10-30|2025-07-30,True,False,False,0,False,0,0,False,,UNAVAILABLE,NO_CACHED_PRICE_SOURCE,,,,False,False,NO_CACHED_PRICE_SOURCE,False,True,True,True,True,True,True,True,True,True,True,True,True,True,True,False,True,True,False,False,False,merged Sprint 4 survivors + existing immutable quarterly fundamentals cache,2026-07-16,READINESS_AUDIT_ONLY
GVR,HOSE,HÓA CHẤT,2026-07-18,data/fundamentals/GVR/income_statement/quarter/2026-07-16/2f8cee4a6d8cdafc/normalized.parquet,1,data/fundamentals/GVR/balance_sheet/quarter/2026-07-16/f6c5eaa309380c37/normalized.parquet,1,4,2026Q1|2025Q4|2025Q3|2025Q2,2026-04-30|2026-01-30|2025-10-30|2025-07-30,True,False,False,0,False,0,0,False,,UNAVAILABLE,NO_CACHED_PRICE_SOURCE,,,,False,False,NO_CACHED_PRICE_SOURCE,False,True,True,True,True,True,True,True,True,True,True,True,True,True,True,False,True,True,False,False,False,merged Sprint 4 survivors + existing immutable quarterly fundamentals cache,2026-07-16,READINESS_AUDIT_ONLY
HAG,HOSE,THỰC PHẨM VÀ ĐỒ UỐNG,2026-07-18,data/fundamentals/HAG/income_statement/quarter/2026-07-16/6818620b837f194d/normalized.parquet,1,data/fundamentals/HAG/balance_sheet/quarter/2026-07-16/68b3da86c420695d/normalized.parquet,1,4,2026Q1|2025Q4|2025Q3|2025Q2,2026-04-30|2026-01-30|2025-10-30|2025-07-30,True,False,False,0,False,0,0,False,,UNAVAILABLE,NO_CACHED_PRICE_SOURCE,,,,False,False,NO_CACHED_PRICE_SOURCE,False,True,True,True,True,True,True,True,True,True,True,True,True,True,True,False,True,True,False,False,False,merged Sprint 4 survivors + existing immutable quarterly fundamentals cache,2026-07-16,READINESS_AUDIT_ONLY
HAH,HOSE,HÀNG & DỊCH VỤ CÔNG NGHIỆP,2026-07-18,data/fundamentals/HAH/income_statement/quarter/2026-07-16/4450154ffb78e869/normalized.parquet,1,data/fundamentals/HAH/balance_sheet/quarter/2026-07-16/b5e07210797f4b9b/normalized.parquet,1,4,2026Q1|2025Q4|2025Q3|2025Q2,2026-04-30|2026-01-30|2025-10-30|2025-07-30,True,False,False,0,False,0,0,False,,UNAVAILABLE,NO_CACHED_PRICE_SOURCE,,,,False,False,NO_CACHED_PRICE_SOURCE,False,True,True,True,True,True,True,True,True,True,True,True,True,True,True,False,True,True,False,False,False,merged Sprint 4 survivors + existing immutable quarterly fundamentals cache,2026-07-16,READINESS_AUDIT_ONLY
HDG,HOSE,BẤT ĐỘNG SẢN,2026-07-18,data/fundamentals/HDG/income_statement/quarter/2026-07-16/9ff076db56ed98d0/normalized.parquet,1,data/fundamentals/HDG/balance_sheet/quarter/2026-07-15/762c8f6cefa526fe/normalized.parquet,1,4,2026Q1|2025Q4|2025Q3|2025Q2,2026-04-30|2026-01-30|2025-10-30|2025-07-30,True,False,False,0,False,0,0,False,,UNAVAILABLE,NO_CACHED_PRICE_SOURCE,,,,False,False,NO_CACHED_PRICE_SOURCE,False,False,False,False,False,True,True,True,True,True,True,True,True,True,True,False,True,True,False,False,False,merged Sprint 4 survivors + existing immutable quarterly fundamentals cache,2026-07-16,READINESS_AUDIT_ONLY
HHV,HOSE,XÂY DỰNG VÀ VẬT LIỆU,2026-07-18,data/fundamentals/HHV/income_statement/quarter/2026-07-16/2b2db301f3be6f06/normalized.parquet,1,data/fundamentals/HHV/balance_sheet/quarter/2026-07-16/85e4e1074734610f/normalized.parquet,1,4,2026Q1|2025Q4|2025Q3|2025Q2,2026-04-30|2026-01-30|2025-10-30|2025-07-30,True,False,False,0,False,0,0,False,,UNAVAILABLE,NO_CACHED_PRICE_SOURCE,,,,False,False,NO_CACHED_PRICE_SOURCE,False,True,True,True,True,True,True,True,True,True,True,True,True,True,True,False,True,True,False,False,False,merged Sprint 4 survivors + existing immutable quarterly fundamentals cache,2026-07-16,READINESS_AUDIT_ONLY
HII,HOSE,HÓA CHẤT,2026-07-18,data/fundamentals/HII/income_statement/quarter/2026-07-16/7bb9f61520b738cb/normalized.parquet,1,data/fundamentals/HII/balance_sheet/quarter/2026-07-16/59fef69dd8e07f41/normalized.parquet,1,4,2026Q1|2025Q4|2025Q3|2025Q2,2026-04-30|2026-01-30|2025-10-30|2025-07-30,True,False,False,0,False,0,0,False,,UNAVAILABLE,NO_CACHED_PRICE_SOURCE,,,,False,False,NO_CACHED_PRICE_SOURCE,False,True,True,True,True,True,True,True,True,True,True,True,True,True,True,False,True,True,False,False,False,merged Sprint 4 survivors + existing immutable quarterly fundamentals cache,2026-07-16,READINESS_AUDIT_ONLY
HPG,HOSE,TÀI NGUYÊN CƠ BẢN,2026-07-18,data/fundamentals/HPG/income_statement/quarter/2026-07-15/8624d641be2f763e/normalized.parquet,1,data/fundamentals/HPG/balance_sheet/quarter/2026-07-15/12284f5ece75297a/normalized.parquet,1,4,2026Q1|2025Q4|2025Q3|2025Q2,2026-04-30|2026-01-30|2025-10-30|2025-07-30,True,False,False,0,False,0,0,False,,UNAVAILABLE,NO_CACHED_PRICE_SOURCE,,,,False,False,NO_CACHED_PRICE_SOURCE,False,True,True,True,True,True,True,True,True,True,True,True,True,True,True,False,True,True,False,False,False,merged Sprint 4 survivors + existing immutable quarterly fundamentals cache,2026-07-15,READINESS_AUDIT_ONLY
HPX,HOSE,BẤT ĐỘNG SẢN,2026-07-18,data/fundamentals/HPX/income_statement/quarter/2026-07-16/1167c16eeb6cd4d4/normalized.parquet,1,data/fundamentals/HPX/balance_sheet/quarter/2026-07-16/867b6185fa4b37c9/normalized.parquet,1,4,2026Q1|2025Q4|2025Q3|2025Q2,2026-04-30|2026-01-30|2025-10-30|2025-07-30,True,False,False,0,False,0,0,False,,UNAVAILABLE,NO_CACHED_PRICE_SOURCE,,,,False,False,NO_CACHED_PRICE_SOURCE,False,True,True,True,True,True,True,True,True,True,True,True,True,True,True,False,True,True,False,False,False,merged Sprint 4 survivors + existing immutable quarterly fundamentals cache,2026-07-16,READINESS_AUDIT_ONLY
HQC,HOSE,BẤT ĐỘNG SẢN,2026-07-18,data/fundamentals/HQC/income_statement/quarter/2026-07-16/1f5a64494fd5264f/normalized.parquet,1,data/fundamentals/HQC/balance_sheet/quarter/2026-07-16/d825a2b6dd5f0fbb/normalized.parquet,1,4,2026Q1|2025Q4|2025Q3|2025Q2,2026-04-30|2026-01-30|2025-10-30|2025-07-30,True,False,False,0,False,0,0,False,,UNAVAILABLE,NO_CACHED_PRICE_SOURCE,,,,False,False,NO_CACHED_PRICE_SOURCE,False,True,True,True,True,True,True,True,True,True,True,True,True,True,True,False,True,True,False,False,False,merged Sprint 4 survivors + existing immutable quarterly fundamentals cache,2026-07-16,READINESS_AUDIT_ONLY
HSG,HOSE,TÀI NGUYÊN CƠ BẢN,2026-07-18,data/fundamentals/HSG/income_statement/quarter/2026-07-16/a6a6c938f06b148b/normalized.parquet,1,data/fundamentals/HSG/balance_sheet/quarter/2026-07-16/2735e0cdbd23308f/normalized.parquet,1,4,2026Q1|2025Q4|2025Q3|2025Q2,2026-04-30|2026-01-30|2025-10-30|2025-07-30,True,False,False,0,False,0,0,False,,UNAVAILABLE,NO_CACHED_PRICE_SOURCE,,,,False,False,NO_CACHED_PRICE_SOURCE,False,True,True,True,True,True,True,True,True,True,True,True,True,True,True,False,True,True,False,False,False,merged Sprint 4 survivors + existing immutable quarterly fundamentals cache,2026-07-16,READINESS_AUDIT_ONLY
HT1,HOSE,XÂY DỰNG VÀ VẬT LIỆU,2026-07-18,data/fundamentals/HT1/income_statement/quarter/2026-07-16/81c7453e98a1c7f4/normalized.parquet,1,data/fundamentals/HT1/balance_sheet/quarter/2026-07-15/03608a7037d49ad1/normalized.parquet,1,4,2026Q1|2025Q4|2025Q3|2025Q2,2026-04-30|2026-01-30|2025-10-30|2025-07-30,True,False,False,0,False,0,0,False,,UNAVAILABLE,NO_CACHED_PRICE_SOURCE,,,,False,False,NO_CACHED_PRICE_SOURCE,False,False,False,False,False,True,True,True,True,True,True,True,True,True,True,False,True,True,False,False,False,merged Sprint 4 survivors + existing immutable quarterly fundamentals cache,2026-07-16,READINESS_AUDIT_ONLY
HTN,HOSE,BẤT ĐỘNG SẢN,2026-07-18,data/fundamentals/HTN/income_statement/quarter/2026-07-16/ccd58d8c1921a3e6/normalized.parquet,1,data/fundamentals/HTN/balance_sheet/quarter/2026-07-16/027a38ed597e82cd/normalized.parquet,1,4,2026Q1|2025Q4|2025Q3|2025Q2,2026-04-30|2026-01-30|2025-10-30|2025-07-30,True,False,False,0,False,0,0,False,,UNAVAILABLE,NO_CACHED_PRICE_SOURCE,,,,False,False,NO_CACHED_PRICE_SOURCE,False,True,True,True,True,True,True,True,True,True,True,True,True,True,True,False,True,True,False,False,False,merged Sprint 4 survivors + existing immutable quarterly fundamentals cache,2026-07-16,READINESS_AUDIT_ONLY
IDI,HOSE,THỰC PHẨM VÀ ĐỒ UỐNG,2026-07-18,data/fundamentals/IDI/income_statement/quarter/2026-07-16/36a5170e88328f73/normalized.parquet,1,data/fundamentals/IDI/balance_sheet/quarter/2026-07-16/9ba913f19bfc76b7/normalized.parquet,1,4,2026Q1|2025Q4|2025Q3|2025Q2,2026-04-30|2026-01-30|2025-10-30|2025-07-30,True,False,False,0,False,0,0,False,,UNAVAILABLE,NO_CACHED_PRICE_SOURCE,,,,False,False,NO_CACHED_PRICE_SOURCE,False,True,True,True,True,True,True,True,True,True,True,True,True,True,True,False,True,True,False,False,False,merged Sprint 4 survivors + existing immutable quarterly fundamentals cache,2026-07-16,READINESS_AUDIT_ONLY
IJC,HOSE,BẤT ĐỘNG SẢN,2026-07-18,data/fundamentals/IJC/income_statement/quarter/2026-07-16/6e9c5fc59782239e/normalized.parquet,1,data/fundamentals/IJC/balance_sheet/quarter/2026-07-16/7bfc02a05d098a08/normalized.parquet,1,4,2026Q1|2025Q4|2025Q3|2025Q2,2026-04-30|2026-01-30|2025-10-30|2025-07-30,True,False,False,0,False,0,0,False,,UNAVAILABLE,NO_CACHED_PRICE_SOURCE,,,,False,False,NO_CACHED_PRICE_SOURCE,False,True,True,True,True,True,True,True,True,True,True,True,True,True,True,False,True,True,False,False,False,merged Sprint 4 survivors + existing immutable quarterly fundamentals cache,2026-07-16,READINESS_AUDIT_ONLY
ITC,HOSE,BẤT ĐỘNG SẢN,2026-07-18,data/fundamentals/ITC/income_statement/quarter/2026-07-16/90e2ada5313140df/normalized.parquet,1,data/fundamentals/ITC/balance_sheet/quarter/2026-07-16/08a18b0832cb2bd7/normalized.parquet,1,4,2026Q1|2025Q4|2025Q3|2025Q2,2026-04-30|2026-01-30|2025-10-30|2025-07-30,True,False,False,0,False,0,0,False,,UNAVAILABLE,NO_CACHED_PRICE_SOURCE,,,,False,False,NO_CACHED_PRICE_SOURCE,False,True,True,True,True,True,True,True,True,True,True,True,True,True,True,False,True,True,False,False,False,merged Sprint 4 survivors + existing immutable quarterly fundamentals cache,2026-07-16,READINESS_AUDIT_ONLY
ITD,HOSE,CÔNG NGHỆ THÔNG TIN,2026-07-18,data/fundamentals/ITD/income_statement/quarter/2026-07-16/d1bee416a97806e1/normalized.parquet,1,data/fundamentals/ITD/balance_sheet/quarter/2026-07-16/85874166e293729e/normalized.parquet,1,4,2026Q1|2025Q4|2025Q3|2025Q2,2026-04-30|2026-01-30|2025-10-30|2025-07-30,True,False,False,0,False,0,0,False,,UNAVAILABLE,NO_CACHED_PRICE_SOURCE,,,,False,False,NO_CACHED_PRICE_SOURCE,False,True,True,True,True,True,True,True,True,True,True,True,True,True,True,False,True,True,False,False,False,merged Sprint 4 survivors + existing immutable quarterly fundamentals cache,2026-07-16,READINESS_AUDIT_ONLY
KDC,HOSE,THỰC PHẨM VÀ ĐỒ UỐNG,2026-07-18,data/fundamentals/KDC/income_statement/quarter/2026-07-16/f5e8937fbc57a059/normalized.parquet,1,data/fundamentals/KDC/balance_sheet/quarter/2026-07-16/344c9fbca4aa2099/normalized.parquet,1,4,2026Q1|2025Q4|2025Q3|2025Q2,2026-04-30|2026-01-30|2025-10-30|2025-07-30,True,False,False,0,False,0,0,False,,UNAVAILABLE,NO_CACHED_PRICE_SOURCE,,,,False,False,NO_CACHED_PRICE_SOURCE,False,True,True,True,True,True,True,True,True,True,True,True,True,True,True,False,True,True,False,False,False,merged Sprint 4 survivors + existing immutable quarterly fundamentals cache,2026-07-16,READINESS_AUDIT_ONLY
KOS,HOSE,BẤT ĐỘNG SẢN,2026-07-18,data/fundamentals/KOS/income_statement/quarter/2026-07-16/35b1b44353b5ba24/normalized.parquet,1,data/fundamentals/KOS/balance_sheet/quarter/2026-07-16/d002867067e324c4/normalized.parquet,1,4,2026Q1|2025Q4|2025Q3|2025Q2,2026-04-30|2026-01-30|2025-10-30|2025-07-30,True,False,False,0,False,0,0,False,,UNAVAILABLE,NO_CACHED_PRICE_SOURCE,,,,False,False,NO_CACHED_PRICE_SOURCE,False,True,True,True,True,True,True,True,True,True,True,True,True,True,True,False,True,True,False,False,False,merged Sprint 4 survivors + existing immutable quarterly fundamentals cache,2026-07-16,READINESS_AUDIT_ONLY
KSB,HOSE,XÂY DỰNG VÀ VẬT LIỆU,2026-07-18,data/fundamentals/KSB/income_statement/quarter/2026-07-16/40cccdbba7045343/normalized.parquet,1,data/fundamentals/KSB/balance_sheet/quarter/2026-07-16/34d7c0fe9463c344/normalized.parquet,1,4,2026Q1|2025Q4|2025Q3|2025Q2,2026-04-30|2026-01-30|2025-10-30|2025-07-30,True,False,False,0,False,0,0,False,,UNAVAILABLE,NO_CACHED_PRICE_SOURCE,,,,False,False,NO_CACHED_PRICE_SOURCE,False,True,True,True,True,True,True,True,True,True,True,True,True,True,True,False,True,True,False,False,False,merged Sprint 4 survivors + existing immutable quarterly fundamentals cache,2026-07-16,READINESS_AUDIT_ONLY
LCG,HOSE,XÂY DỰNG VÀ VẬT LIỆU,2026-07-18,data/fundamentals/LCG/income_statement/quarter/2026-07-16/8c3a95173830eb03/normalized.parquet,1,data/fundamentals/LCG/balance_sheet/quarter/2026-07-16/709305c8d7bc553b/normalized.parquet,1,4,2026Q1|2025Q4|2025Q3|2025Q2,2026-04-30|2026-01-30|2025-10-30|2025-07-30,True,False,False,0,False,0,0,False,,UNAVAILABLE,NO_CACHED_PRICE_SOURCE,,,,False,False,NO_CACHED_PRICE_SOURCE,False,True,True,True,True,True,True,True,True,True,True,True,True,True,True,False,True,True,False,False,False,merged Sprint 4 survivors + existing immutable quarterly fundamentals cache,2026-07-16,READINESS_AUDIT_ONLY
LHG,HOSE,BẤT ĐỘNG SẢN,2026-07-18,data/fundamentals/LHG/income_statement/quarter/2026-07-16/5d4ec5036ca0dd72/normalized.parquet,1,data/fundamentals/LHG/balance_sheet/quarter/2026-07-16/a176f9130d7d6ee2/normalized.parquet,1,4,2026Q1|2025Q4|2025Q3|2025Q2,2026-04-30|2026-01-30|2025-10-30|2025-07-30,True,False,False,0,False,0,0,False,,UNAVAILABLE,NO_CACHED_PRICE_SOURCE,,,,False,False,NO_CACHED_PRICE_SOURCE,False,True,True,True,True,True,True,True,True,True,True,True,True,True,True,False,True,True,False,False,False,merged Sprint 4 survivors + existing immutable quarterly fundamentals cache,2026-07-16,READINESS_AUDIT_ONLY
MCM,HOSE,THỰC PHẨM VÀ ĐỒ UỐNG,2026-07-18,data/fundamentals/MCM/income_statement/quarter/2026-07-16/6c0bbc48c06d217d/normalized.parquet,1,data/fundamentals/MCM/balance_sheet/quarter/2026-07-16/449bcb015452cad2/normalized.parquet,1,4,2026Q1|2025Q4|2025Q3|2025Q2,2026-04-30|2026-01-30|2025-10-30|2025-07-30,True,False,False,0,False,0,0,False,,UNAVAILABLE,NO_CACHED_PRICE_SOURCE,,,,False,False,NO_CACHED_PRICE_SOURCE,False,True,True,True,True,True,True,True,True,True,True,True,True,True,True,False,True,True,False,False,False,merged Sprint 4 survivors + existing immutable quarterly fundamentals cache,2026-07-16,READINESS_AUDIT_ONLY
MCP,HOSE,HÀNG & DỊCH VỤ CÔNG NGHIỆP,2026-07-18,data/fundamentals/MCP/income_statement/quarter/2026-07-16/d730f0ac47b54b73/normalized.parquet,1,data/fundamentals/MCP/balance_sheet/quarter/2026-07-16/1b6cdbaaa1617c21/normalized.parquet,1,4,2026Q1|2025Q4|2025Q3|2025Q2,2026-04-30|2026-01-30|2025-10-30|2025-07-30,True,False,False,0,False,0,0,False,,UNAVAILABLE,NO_CACHED_PRICE_SOURCE,,,,False,False,NO_CACHED_PRICE_SOURCE,False,True,True,True,True,True,True,True,True,True,True,True,True,True,True,False,True,True,False,False,False,merged Sprint 4 survivors + existing immutable quarterly fundamentals cache,2026-07-16,READINESS_AUDIT_ONLY
MSH,HOSE,HÀNG CÁ NHÂN & GIA DỤNG,2026-07-18,data/fundamentals/MSH/income_statement/quarter/2026-07-16/69866ad2745996b5/normalized.parquet,1,data/fundamentals/MSH/balance_sheet/quarter/2026-07-16/e82f8d49177f0e7c/normalized.parquet,1,4,2026Q1|2025Q4|2025Q3|2025Q2,2026-04-30|2026-01-30|2025-10-30|2025-07-30,True,False,False,0,False,0,0,False,,UNAVAILABLE,NO_CACHED_PRICE_SOURCE,,,,False,False,NO_CACHED_PRICE_SOURCE,False,True,True,True,True,True,True,True,True,True,True,True,True,True,True,False,True,True,False,False,False,merged Sprint 4 survivors + existing immutable quarterly fundamentals cache,2026-07-16,READINESS_AUDIT_ONLY
MSN,HOSE,THỰC PHẨM VÀ ĐỒ UỐNG,2026-07-18,data/fundamentals/MSN/income_statement/quarter/2026-07-16/986fb451cbc0cccb/normalized.parquet,1,data/fundamentals/MSN/balance_sheet/quarter/2026-07-16/88d9a9866603abac/normalized.parquet,1,4,2026Q1|2025Q4|2025Q3|2025Q2,2026-04-30|2026-01-30|2025-10-30|2025-07-30,True,False,False,0,False,0,0,False,,UNAVAILABLE,NO_CACHED_PRICE_SOURCE,,,,False,False,NO_CACHED_PRICE_SOURCE,False,True,True,True,True,True,True,True,True,True,True,True,True,True,True,False,True,True,False,False,False,merged Sprint 4 survivors + existing immutable quarterly fundamentals cache,2026-07-16,READINESS_AUDIT_ONLY
MZG,HOSE,TÀI NGUYÊN CƠ BẢN,2026-07-18,data/fundamentals/MZG/income_statement/quarter/2026-07-16/9045d1bc3210345c/normalized.parquet,1,data/fundamentals/MZG/balance_sheet/quarter/2026-07-16/29898be7089edc72/normalized.parquet,1,4,2026Q1|2025Q4|2025Q3|2025Q2,2026-04-30|2026-01-30|2025-10-30|2025-07-30,True,False,False,0,False,0,0,False,,UNAVAILABLE,NO_CACHED_PRICE_SOURCE,,,,False,False,NO_CACHED_PRICE_SOURCE,False,True,True,True,True,True,True,True,True,True,True,True,True,True,True,False,True,True,False,False,False,merged Sprint 4 survivors + existing immutable quarterly fundamentals cache,2026-07-16,READINESS_AUDIT_ONLY
NAF,HOSE,THỰC PHẨM VÀ ĐỒ UỐNG,2026-07-18,data/fundamentals/NAF/income_statement/quarter/2026-07-16/8583176232a5aa84/normalized.parquet,1,data/fundamentals/NAF/balance_sheet/quarter/2026-07-16/6eaad03bd8e7e961/normalized.parquet,1,4,2026Q1|2025Q4|2025Q3|2025Q2,2026-04-30|2026-01-30|2025-10-30|2025-07-30,True,False,False,0,False,0,0,False,,UNAVAILABLE,NO_CACHED_PRICE_SOURCE,,,,False,False,NO_CACHED_PRICE_SOURCE,False,True,True,True,True,True,True,True,True,True,True,True,True,True,True,False,True,True,False,False,False,merged Sprint 4 survivors + existing immutable quarterly fundamentals cache,2026-07-16,READINESS_AUDIT_ONLY
NCT,HOSE,HÀNG & DỊCH VỤ CÔNG NGHIỆP,2026-07-18,data/fundamentals/NCT/income_statement/quarter/2026-07-16/5e4a773aa641f961/normalized.parquet,1,data/fundamentals/NCT/balance_sheet/quarter/2026-07-15/f992a4f7a334faf6/normalized.parquet,1,4,2026Q1|2025Q4|2025Q3|2025Q2,2026-04-30|2026-01-30|2025-10-30|2025-07-30,True,False,False,0,False,0,0,False,,UNAVAILABLE,NO_CACHED_PRICE_SOURCE,,,,False,False,NO_CACHED_PRICE_SOURCE,False,True,True,True,True,True,True,True,True,True,True,True,True,True,True,False,True,True,False,False,False,merged Sprint 4 survivors + existing immutable quarterly fundamentals cache,2026-07-16,READINESS_AUDIT_ONLY
NKG,HOSE,TÀI NGUYÊN CƠ BẢN,2026-07-18,data/fundamentals/NKG/income_statement/quarter/2026-07-16/909903a03c34c883/normalized.parquet,1,data/fundamentals/NKG/balance_sheet/quarter/2026-07-16/aa6dcb8a3a1dae00/normalized.parquet,1,4,2026Q1|2025Q4|2025Q3|2025Q2,2026-04-30|2026-01-30|2025-10-30|2025-07-30,True,False,False,0,False,0,0,False,,UNAVAILABLE,NO_CACHED_PRICE_SOURCE,,,,False,False,NO_CACHED_PRICE_SOURCE,False,True,True,True,True,True,True,True,True,True,True,True,True,True,True,False,True,True,False,False,False,merged Sprint 4 survivors + existing immutable quarterly fundamentals cache,2026-07-16,READINESS_AUDIT_ONLY
NTC,HOSE,BẤT ĐỘNG SẢN,2026-07-18,data/fundamentals/NTC/income_statement/quarter/2026-07-16/e3a2f9313ba7b039/normalized.parquet,1,data/fundamentals/NTC/balance_sheet/quarter/2026-07-16/eb6152e5e5bb43bc/normalized.parquet,1,3,2026Q1|2025Q4|2025Q3,2026-04-30|2026-01-30|2025-10-30,False,True,False,1,False,1,25,False,,UNAVAILABLE,NO_CACHED_PRICE_SOURCE,,,,False,False,NO_CACHED_PRICE_SOURCE,False,True,True,True,True,False,False,False,False,False,False,False,False,False,False,False,False,False,False,False,False,merged Sprint 4 survivors + existing immutable quarterly fundamentals cache,2026-07-16,READINESS_AUDIT_ONLY
NVL,HOSE,BẤT ĐỘNG SẢN,2026-07-18,data/fundamentals/NVL/income_statement/quarter/2026-07-16/79920feeb46a1c4c/normalized.parquet,1,data/fundamentals/NVL/balance_sheet/quarter/2026-07-16/c82eb1c83ee64c9e/normalized.parquet,1,4,2026Q1|2025Q4|2025Q3|2025Q2,2026-04-30|2026-01-30|2025-10-30|2025-07-30,True,False,False,0,False,0,0,False,,UNAVAILABLE,NO_CACHED_PRICE_SOURCE,,,,False,False,NO_CACHED_PRICE_SOURCE,False,True,True,True,True,True,True,True,True,True,True,True,True,True,True,False,True,True,False,False,False,merged Sprint 4 survivors + existing immutable quarterly fundamentals cache,2026-07-16,READINESS_AUDIT_ONLY
PAC,HOSE,HÀNG & DỊCH VỤ CÔNG NGHIỆP,2026-07-18,data/fundamentals/PAC/income_statement/quarter/2026-07-17/b82f7e6c9d25a2e7/normalized.parquet,1,data/fundamentals/PAC/balance_sheet/quarter/2026-07-17/0e6065b120f83336/normalized.parquet,1,4,2026Q1|2025Q4|2025Q3|2025Q2,2026-04-30|2026-01-30|2025-10-30|2025-07-30,True,False,False,0,False,0,0,False,,UNAVAILABLE,NO_CACHED_PRICE_SOURCE,,,,False,False,NO_CACHED_PRICE_SOURCE,False,True,True,True,True,True,True,True,True,True,True,True,True,True,True,False,True,True,False,False,False,merged Sprint 4 survivors + existing immutable quarterly fundamentals cache,2026-07-17,READINESS_AUDIT_ONLY
PAN,HOSE,THỰC PHẨM VÀ ĐỒ UỐNG,2026-07-18,data/fundamentals/PAN/income_statement/quarter/2026-07-17/38d0ffc80441319f/normalized.parquet,1,data/fundamentals/PAN/balance_sheet/quarter/2026-07-17/8db76a758d43ff01/normalized.parquet,1,4,2026Q1|2025Q4|2025Q3|2025Q2,2026-04-30|2026-01-30|2025-10-30|2025-07-30,True,False,False,0,False,0,0,False,,UNAVAILABLE,NO_CACHED_PRICE_SOURCE,,,,False,False,NO_CACHED_PRICE_SOURCE,False,True,True,True,True,True,True,True,True,True,True,True,True,True,True,False,True,True,False,False,False,merged Sprint 4 survivors + existing immutable quarterly fundamentals cache,2026-07-17,READINESS_AUDIT_ONLY
PC1,HOSE,XÂY DỰNG VÀ VẬT LIỆU,2026-07-18,data/fundamentals/PC1/income_statement/quarter/2026-07-17/25a78adf2e159f54/normalized.parquet,1,data/fundamentals/PC1/balance_sheet/quarter/2026-07-17/c8b44fee454457d2/normalized.parquet,1,4,2026Q1|2025Q4|2025Q3|2025Q2,2026-04-30|2026-01-30|2025-10-30|2025-07-30,True,False,False,0,False,0,0,False,,UNAVAILABLE,NO_CACHED_PRICE_SOURCE,,,,False,False,NO_CACHED_PRICE_SOURCE,False,True,True,True,True,True,True,True,True,True,True,True,True,True,True,False,True,True,False,False,False,merged Sprint 4 survivors + existing immutable quarterly fundamentals cache,2026-07-17,READINESS_AUDIT_ONLY
PHR,HOSE,HÓA CHẤT,2026-07-18,data/fundamentals/PHR/income_statement/quarter/2026-07-16/8a2681a194ec64cf/normalized.parquet,1,data/fundamentals/PHR/balance_sheet/quarter/2026-07-16/0d74487f338f5219/normalized.parquet,1,4,2026Q1|2025Q4|2025Q3|2025Q2,2026-04-30|2026-01-30|2025-10-30|2025-07-30,True,False,False,0,False,0,0,False,,UNAVAILABLE,NO_CACHED_PRICE_SOURCE,,,,False,False,NO_CACHED_PRICE_SOURCE,False,True,True,True,True,True,True,True,True,True,True,True,True,True,True,False,True,True,False,False,False,merged Sprint 4 survivors + existing immutable quarterly fundamentals cache,2026-07-16,READINESS_AUDIT_ONLY
PLX,HOSE,DẦU KHÍ,2026-07-18,data/fundamentals/PLX/income_statement/quarter/2026-07-17/eb8fa777e0329570/normalized.parquet,1,data/fundamentals/PLX/balance_sheet/quarter/2026-07-17/41da936a099167f2/normalized.parquet,1,4,2026Q1|2025Q4|2025Q3|2025Q2,2026-04-30|2026-01-30|2025-10-30|2025-07-30,True,False,False,0,False,0,0,False,,UNAVAILABLE,NO_CACHED_PRICE_SOURCE,,,,False,False,NO_CACHED_PRICE_SOURCE,False,True,True,True,True,True,True,True,True,True,True,True,True,True,True,False,True,True,False,False,False,merged Sprint 4 survivors + existing immutable quarterly fundamentals cache,2026-07-17,READINESS_AUDIT_ONLY
PNJ,HOSE,HÀNG CÁ NHÂN & GIA DỤNG,2026-07-18,data/fundamentals/PNJ/income_statement/quarter/2026-07-17/a662b986ea8f1d70/normalized.parquet,1,data/fundamentals/PNJ/balance_sheet/quarter/2026-07-17/339802986c4c8a91/normalized.parquet,1,4,2026Q1|2025Q4|2025Q3|2025Q2,2026-04-30|2026-01-30|2025-10-30|2025-07-30,True,False,False,0,False,0,0,False,,UNAVAILABLE,NO_CACHED_PRICE_SOURCE,,,,False,False,NO_CACHED_PRICE_SOURCE,False,True,True,True,True,True,True,True,True,True,True,True,True,True,True,False,True,True,False,False,False,merged Sprint 4 survivors + existing immutable quarterly fundamentals cache,2026-07-17,READINESS_AUDIT_ONLY
POW,HOSE,"ĐIỆN, NƯỚC & XĂNG DẦU KHÍ ĐỐT",2026-07-18,data/fundamentals/POW/income_statement/quarter/2026-07-17/f6946d0a1e4a4be0/normalized.parquet,1,data/fundamentals/POW/balance_sheet/quarter/2026-07-17/1cd0e6f8f9a704f6/normalized.parquet,1,4,2026Q1|2025Q4|2025Q3|2025Q2,2026-04-30|2026-01-30|2025-10-30|2025-07-30,True,False,False,0,False,0,0,False,,UNAVAILABLE,NO_CACHED_PRICE_SOURCE,,,,False,False,NO_CACHED_PRICE_SOURCE,False,True,True,True,True,True,True,True,True,True,True,True,True,True,True,False,True,True,False,False,False,merged Sprint 4 survivors + existing immutable quarterly fundamentals cache,2026-07-17,READINESS_AUDIT_ONLY
PPC,HOSE,"ĐIỆN, NƯỚC & XĂNG DẦU KHÍ ĐỐT",2026-07-18,data/fundamentals/PPC/income_statement/quarter/2026-07-17/21697483265aaffe/normalized.parquet,1,data/fundamentals/PPC/balance_sheet/quarter/2026-07-17/ed58eb29b86dc0a8/normalized.parquet,1,4,2026Q1|2025Q4|2025Q3|2025Q2,2026-04-30|2026-01-30|2025-10-30|2025-07-30,True,False,False,0,False,0,0,False,,UNAVAILABLE,NO_CACHED_PRICE_SOURCE,,,,False,False,NO_CACHED_PRICE_SOURCE,False,True,True,True,True,True,True,True,True,True,True,True,True,True,True,False,True,True,False,False,False,merged Sprint 4 survivors + existing immutable quarterly fundamentals cache,2026-07-17,READINESS_AUDIT_ONLY
PTB,HOSE,TÀI NGUYÊN CƠ BẢN,2026-07-18,data/fundamentals/PTB/income_statement/quarter/2026-07-17/61f235c75815f8b2/normalized.parquet,1,data/fundamentals/PTB/balance_sheet/quarter/2026-07-17/323c1724ce4791df/normalized.parquet,1,4,2026Q1|2025Q4|2025Q3|2025Q2,2026-04-30|2026-01-30|2025-10-30|2025-07-30,True,False,False,0,False,0,0,False,,UNAVAILABLE,NO_CACHED_PRICE_SOURCE,,,,False,False,NO_CACHED_PRICE_SOURCE,False,True,True,True,True,True,True,True,True,True,True,True,True,True,True,False,True,True,False,False,False,merged Sprint 4 survivors + existing immutable quarterly fundamentals cache,2026-07-17,READINESS_AUDIT_ONLY
PVD,HOSE,DẦU KHÍ,2026-07-18,data/fundamentals/PVD/income_statement/quarter/2026-07-17/98efa9337645f3e7/normalized.parquet,1,data/fundamentals/PVD/balance_sheet/quarter/2026-07-17/60ad7c7337af193e/normalized.parquet,1,4,2026Q1|2025Q4|2025Q3|2025Q2,2026-04-30|2026-01-30|2025-10-30|2025-07-30,True,False,False,0,False,0,0,False,,UNAVAILABLE,NO_CACHED_PRICE_SOURCE,,,,False,False,NO_CACHED_PRICE_SOURCE,False,True,True,True,True,True,True,True,True,True,True,True,True,True,True,False,True,True,False,False,False,merged Sprint 4 survivors + existing immutable quarterly fundamentals cache,2026-07-17,READINESS_AUDIT_ONLY
PVP,HOSE,HÀNG & DỊCH VỤ CÔNG NGHIỆP,2026-07-18,data/fundamentals/PVP/income_statement/quarter/2026-07-17/898b370bbd26c5df/normalized.parquet,1,data/fundamentals/PVP/balance_sheet/quarter/2026-07-15/2037d0ab2d17ac5f/normalized.parquet,1,4,2026Q1|2025Q4|2025Q3|2025Q2,2026-04-30|2026-01-30|2025-10-30|2025-07-30,True,False,False,0,False,0,0,False,,UNAVAILABLE,NO_CACHED_PRICE_SOURCE,,,,False,False,NO_CACHED_PRICE_SOURCE,False,True,True,True,True,True,True,True,True,True,True,True,True,True,True,False,True,True,False,False,False,merged Sprint 4 survivors + existing immutable quarterly fundamentals cache,2026-07-17,READINESS_AUDIT_ONLY
PVT,HOSE,HÀNG & DỊCH VỤ CÔNG NGHIỆP,2026-07-18,data/fundamentals/PVT/income_statement/quarter/2026-07-17/5adc8b90ad810fd1/normalized.parquet,1,data/fundamentals/PVT/balance_sheet/quarter/2026-07-17/00a975c525f63eb7/normalized.parquet,1,4,2026Q1|2025Q4|2025Q3|2025Q2,2026-04-30|2026-01-30|2025-10-30|2025-07-30,True,False,False,0,False,0,0,False,,UNAVAILABLE,NO_CACHED_PRICE_SOURCE,,,,False,False,NO_CACHED_PRICE_SOURCE,False,True,True,True,True,True,True,True,True,True,True,True,True,True,True,False,True,True,False,False,False,merged Sprint 4 survivors + existing immutable quarterly fundamentals cache,2026-07-17,READINESS_AUDIT_ONLY
RAL,HOSE,HÀNG CÁ NHÂN & GIA DỤNG,2026-07-18,data/fundamentals/RAL/income_statement/quarter/2026-07-17/00d0dac6e8213e42/normalized.parquet,1,data/fundamentals/RAL/balance_sheet/quarter/2026-07-15/4eea50807f8fb163/normalized.parquet,1,4,2026Q1|2025Q4|2025Q3|2025Q2,2026-04-30|2026-01-30|2025-10-30|2025-07-30,True,False,False,0,False,0,0,False,,UNAVAILABLE,NO_CACHED_PRICE_SOURCE,,,,False,False,NO_CACHED_PRICE_SOURCE,False,True,True,True,True,True,True,True,True,True,True,True,True,True,True,False,True,True,False,False,False,merged Sprint 4 survivors + existing immutable quarterly fundamentals cache,2026-07-17,READINESS_AUDIT_ONLY
REE,HOSE,"ĐIỆN, NƯỚC & XĂNG DẦU KHÍ ĐỐT",2026-07-18,data/fundamentals/REE/income_statement/quarter/2026-07-17/8e72afe717c9abbb/normalized.parquet,1,data/fundamentals/REE/balance_sheet/quarter/2026-07-17/7ca8be1f2266eac9/normalized.parquet,1,4,2026Q1|2025Q4|2025Q3|2025Q2,2026-04-30|2026-01-30|2025-10-30|2025-07-30,True,False,False,0,False,0,0,False,,UNAVAILABLE,NO_CACHED_PRICE_SOURCE,,,,False,False,NO_CACHED_PRICE_SOURCE,False,True,True,True,True,True,True,True,True,True,True,True,True,True,True,False,True,True,False,False,False,merged Sprint 4 survivors + existing immutable quarterly fundamentals cache,2026-07-17,READINESS_AUDIT_ONLY
RYG,HOSE,XÂY DỰNG VÀ VẬT LIỆU,2026-07-18,data/fundamentals/RYG/income_statement/quarter/2026-07-17/b0051b7507ecd9b6/normalized.parquet,1,data/fundamentals/RYG/balance_sheet/quarter/2026-07-17/f1b85f0c49626460/normalized.parquet,1,4,2026Q1|2025Q4|2025Q3|2025Q2,2026-04-30|2026-01-30|2025-10-30|2025-07-30,True,False,False,0,False,0,0,False,,UNAVAILABLE,NO_CACHED_PRICE_SOURCE,,,,False,False,NO_CACHED_PRICE_SOURCE,False,True,True,True,True,True,True,True,True,True,True,True,True,True,True,False,True,True,False,False,False,merged Sprint 4 survivors + existing immutable quarterly fundamentals cache,2026-07-17,READINESS_AUDIT_ONLY
SAB,HOSE,THỰC PHẨM VÀ ĐỒ UỐNG,2026-07-18,data/fundamentals/SAB/income_statement/quarter/2026-07-17/3c89f2be73aa2167/normalized.parquet,1,data/fundamentals/SAB/balance_sheet/quarter/2026-07-17/c4b30549b9525dcc/normalized.parquet,1,4,2026Q1|2025Q4|2025Q3|2025Q2,2026-04-30|2026-01-30|2025-10-30|2025-07-30,True,False,False,0,False,0,0,False,,UNAVAILABLE,NO_CACHED_PRICE_SOURCE,,,,False,False,NO_CACHED_PRICE_SOURCE,False,True,True,True,True,True,True,True,True,True,True,True,True,True,True,False,True,True,False,False,False,merged Sprint 4 survivors + existing immutable quarterly fundamentals cache,2026-07-17,READINESS_AUDIT_ONLY
SBG,HOSE,HÀNG & DỊCH VỤ CÔNG NGHIỆP,2026-07-18,data/fundamentals/SBG/income_statement/quarter/2026-07-17/ca110accd0710340/normalized.parquet,1,data/fundamentals/SBG/balance_sheet/quarter/2026-07-17/b3778dea37cef0e9/normalized.parquet,1,4,2026Q1|2025Q4|2025Q3|2025Q2,2026-04-30|2026-01-30|2025-10-30|2025-07-30,True,False,False,0,False,0,0,False,,UNAVAILABLE,NO_CACHED_PRICE_SOURCE,,,,False,False,NO_CACHED_PRICE_SOURCE,False,True,True,True,True,True,True,True,True,True,True,True,True,True,True,False,True,True,False,False,False,merged Sprint 4 survivors + existing immutable quarterly fundamentals cache,2026-07-17,READINESS_AUDIT_ONLY
SCR,HOSE,BẤT ĐỘNG SẢN,2026-07-18,data/fundamentals/SCR/income_statement/quarter/2026-07-17/681e19d38db7e2d4/normalized.parquet,1,data/fundamentals/SCR/balance_sheet/quarter/2026-07-17/7cd9f100e427a339/normalized.parquet,1,4,2026Q1|2025Q4|2025Q3|2025Q2,2026-04-30|2026-01-30|2025-10-30|2025-07-30,True,False,False,0,False,0,0,False,,UNAVAILABLE,NO_CACHED_PRICE_SOURCE,,,,False,False,NO_CACHED_PRICE_SOURCE,False,True,True,True,True,True,True,True,True,True,True,True,True,True,True,False,True,True,False,False,False,merged Sprint 4 survivors + existing immutable quarterly fundamentals cache,2026-07-17,READINESS_AUDIT_ONLY
SGR,HOSE,BẤT ĐỘNG SẢN,2026-07-18,data/fundamentals/SGR/income_statement/quarter/2026-07-17/0c73c6dc4ec68d0b/normalized.parquet,1,data/fundamentals/SGR/balance_sheet/quarter/2026-07-17/b4c345952178991b/normalized.parquet,1,4,2026Q1|2025Q4|2025Q3|2025Q2,2026-04-30|2026-01-30|2025-10-30|2025-07-30,True,False,False,0,False,0,0,False,,UNAVAILABLE,NO_CACHED_PRICE_SOURCE,,,,False,False,NO_CACHED_PRICE_SOURCE,False,True,True,True,True,True,True,True,True,True,True,True,True,True,True,False,True,True,False,False,False,merged Sprint 4 survivors + existing immutable quarterly fundamentals cache,2026-07-17,READINESS_AUDIT_ONLY
SHI,HOSE,TÀI NGUYÊN CƠ BẢN,2026-07-18,data/fundamentals/SHI/income_statement/quarter/2026-07-17/9d1bd4bb6d73587d/normalized.parquet,1,data/fundamentals/SHI/balance_sheet/quarter/2026-07-17/a9d55755866c563a/normalized.parquet,1,4,2026Q1|2025Q4|2025Q3|2025Q2,2026-04-30|2026-01-30|2025-10-30|2025-07-30,True,False,False,0,False,0,0,False,,UNAVAILABLE,NO_CACHED_PRICE_SOURCE,,,,False,False,NO_CACHED_PRICE_SOURCE,False,True,True,True,True,True,True,True,True,True,True,True,True,True,True,False,True,True,False,False,False,merged Sprint 4 survivors + existing immutable quarterly fundamentals cache,2026-07-17,READINESS_AUDIT_ONLY
SIP,HOSE,BẤT ĐỘNG SẢN,2026-07-18,data/fundamentals/SIP/income_statement/quarter/2026-07-17/a78c79f041c90ce2/normalized.parquet,1,data/fundamentals/SIP/balance_sheet/quarter/2026-07-17/9a45bc592cab85f0/normalized.parquet,1,4,2026Q1|2025Q4|2025Q3|2025Q2,2026-04-30|2026-01-30|2025-10-30|2025-07-30,True,False,False,0,False,0,0,False,,UNAVAILABLE,NO_CACHED_PRICE_SOURCE,,,,False,False,NO_CACHED_PRICE_SOURCE,False,True,True,True,True,True,True,True,True,True,True,True,True,True,True,False,True,True,False,False,False,merged Sprint 4 survivors + existing immutable quarterly fundamentals cache,2026-07-17,READINESS_AUDIT_ONLY
SJD,HOSE,"ĐIỆN, NƯỚC & XĂNG DẦU KHÍ ĐỐT",2026-07-18,data/fundamentals/SJD/income_statement/quarter/2026-07-17/75325df9108f0421/normalized.parquet,1,data/fundamentals/SJD/balance_sheet/quarter/2026-07-17/a5564613ff5eaae0/normalized.parquet,1,4,2026Q1|2025Q4|2025Q3|2025Q2,2026-04-30|2026-01-30|2025-10-30|2025-07-30,True,False,False,0,False,0,0,False,,UNAVAILABLE,NO_CACHED_PRICE_SOURCE,,,,False,False,NO_CACHED_PRICE_SOURCE,False,True,True,True,True,True,True,True,True,True,True,True,True,True,True,False,True,True,False,False,False,merged Sprint 4 survivors + existing immutable quarterly fundamentals cache,2026-07-17,READINESS_AUDIT_ONLY
SJS,HOSE,BẤT ĐỘNG SẢN,2026-07-18,data/fundamentals/SJS/income_statement/quarter/2026-07-17/c56abdeef4f1b2c3/normalized.parquet,1,data/fundamentals/SJS/balance_sheet/quarter/2026-07-17/10f82afcd29c7f78/normalized.parquet,1,4,2026Q1|2025Q4|2025Q3|2025Q2,2026-04-30|2026-01-30|2025-10-30|2025-07-30,True,False,False,0,False,0,0,False,,UNAVAILABLE,NO_CACHED_PRICE_SOURCE,,,,False,False,NO_CACHED_PRICE_SOURCE,False,True,True,True,True,True,True,True,True,True,True,True,True,True,True,False,True,True,False,False,False,merged Sprint 4 survivors + existing immutable quarterly fundamentals cache,2026-07-17,READINESS_AUDIT_ONLY
SZC,HOSE,BẤT ĐỘNG SẢN,2026-07-18,data/fundamentals/SZC/income_statement/quarter/2026-07-17/8c3256fe5ef10e5f/normalized.parquet,1,data/fundamentals/SZC/balance_sheet/quarter/2026-07-17/4671821bdf649e3e/normalized.parquet,1,4,2026Q1|2025Q4|2025Q3|2025Q2,2026-04-30|2026-01-30|2025-10-30|2025-07-30,True,False,False,0,False,0,0,False,,UNAVAILABLE,NO_CACHED_PRICE_SOURCE,,,,False,False,NO_CACHED_PRICE_SOURCE,False,True,True,True,True,True,True,True,True,True,True,True,True,True,True,False,True,True,False,False,False,merged Sprint 4 survivors + existing immutable quarterly fundamentals cache,2026-07-17,READINESS_AUDIT_ONLY
SZL,HOSE,BẤT ĐỘNG SẢN,2026-07-18,data/fundamentals/SZL/income_statement/quarter/2026-07-17/7d7676dc7226234f/normalized.parquet,1,data/fundamentals/SZL/balance_sheet/quarter/2026-07-17/afaec999f6937e46/normalized.parquet,1,4,2026Q1|2025Q4|2025Q3|2025Q2,2026-04-30|2026-01-30|2025-10-30|2025-07-30,True,False,False,0,False,0,0,False,,UNAVAILABLE,NO_CACHED_PRICE_SOURCE,,,,False,False,NO_CACHED_PRICE_SOURCE,False,True,True,True,True,True,True,True,True,True,True,True,True,True,True,False,True,True,False,False,False,merged Sprint 4 survivors + existing immutable quarterly fundamentals cache,2026-07-17,READINESS_AUDIT_ONLY
TCD,HOSE,XÂY DỰNG VÀ VẬT LIỆU,2026-07-18,data/fundamentals/TCD/income_statement/quarter/2026-07-17/009818fcf796f30e/normalized.parquet,1,data/fundamentals/TCD/balance_sheet/quarter/2026-07-17/255d20bf2e2f9371/normalized.parquet,1,4,2024Q4|2024Q3|2024Q2|2024Q1,2025-01-30|2024-10-30|2024-07-30|2024-04-30,True,False,False,0,False,0,0,False,,UNAVAILABLE,NO_CACHED_PRICE_SOURCE,,,,False,False,NO_CACHED_PRICE_SOURCE,False,True,True,True,True,True,True,True,True,True,True,True,True,True,True,False,True,True,False,False,False,merged Sprint 4 survivors + existing immutable quarterly fundamentals cache,2026-07-17,READINESS_AUDIT_ONLY
TCM,HOSE,HÀNG CÁ NHÂN & GIA DỤNG,2026-07-18,data/fundamentals/TCM/income_statement/quarter/2026-07-17/7bb6381adc243afe/normalized.parquet,1,data/fundamentals/TCM/balance_sheet/quarter/2026-07-17/19eabf134f4a7aa0/normalized.parquet,1,4,2026Q1|2025Q4|2025Q3|2025Q2,2026-04-30|2026-01-30|2025-10-30|2025-07-30,True,False,False,0,False,0,0,False,,UNAVAILABLE,NO_CACHED_PRICE_SOURCE,,,,False,False,NO_CACHED_PRICE_SOURCE,False,True,True,True,True,True,True,True,True,True,True,True,True,True,True,False,True,True,False,False,False,merged Sprint 4 survivors + existing immutable quarterly fundamentals cache,2026-07-17,READINESS_AUDIT_ONLY
TCO,HOSE,THỰC PHẨM VÀ ĐỒ UỐNG,2026-07-18,data/fundamentals/TCO/income_statement/quarter/2026-07-17/4560d5c12c5ba118/normalized.parquet,1,data/fundamentals/TCO/balance_sheet/quarter/2026-07-17/174899745e4b5f1c/normalized.parquet,1,4,2026Q1|2025Q4|2025Q3|2025Q2,2026-04-30|2026-01-30|2025-10-30|2025-07-30,True,False,False,0,False,0,0,False,,UNAVAILABLE,NO_CACHED_PRICE_SOURCE,,,,False,False,NO_CACHED_PRICE_SOURCE,False,True,True,True,True,True,True,True,True,True,True,True,True,True,True,False,True,True,False,False,False,merged Sprint 4 survivors + existing immutable quarterly fundamentals cache,2026-07-17,READINESS_AUDIT_ONLY
TDP,HOSE,HÀNG & DỊCH VỤ CÔNG NGHIỆP,2026-07-18,data/fundamentals/TDP/income_statement/quarter/2026-07-17/a6af3e8a7b67a3f4/normalized.parquet,1,data/fundamentals/TDP/balance_sheet/quarter/2026-07-17/9698f23343993d35/normalized.parquet,1,4,2026Q1|2025Q4|2025Q3|2025Q2,2026-04-30|2026-01-30|2025-10-30|2025-07-30,True,False,False,0,False,0,0,False,,UNAVAILABLE,NO_CACHED_PRICE_SOURCE,,,,False,False,NO_CACHED_PRICE_SOURCE,False,True,True,True,True,True,True,True,True,True,True,True,True,True,True,False,True,True,False,False,False,merged Sprint 4 survivors + existing immutable quarterly fundamentals cache,2026-07-17,READINESS_AUDIT_ONLY
THG,HOSE,XÂY DỰNG VÀ VẬT LIỆU,2026-07-18,data/fundamentals/THG/income_statement/quarter/2026-07-17/e511aa66c69a4fdc/normalized.parquet,1,data/fundamentals/THG/balance_sheet/quarter/2026-07-17/7e3180145d20b05b/normalized.parquet,1,4,2026Q1|2025Q4|2025Q3|2025Q2,2026-04-30|2026-01-30|2025-10-30|2025-07-30,True,False,False,0,False,0,0,False,,UNAVAILABLE,NO_CACHED_PRICE_SOURCE,,,,False,False,NO_CACHED_PRICE_SOURCE,False,True,True,True,True,True,True,True,True,True,True,True,True,True,True,False,True,True,False,False,False,merged Sprint 4 survivors + existing immutable quarterly fundamentals cache,2026-07-17,READINESS_AUDIT_ONLY
TIP,HOSE,BẤT ĐỘNG SẢN,2026-07-18,data/fundamentals/TIP/income_statement/quarter/2026-07-17/db0585193895cb00/normalized.parquet,1,data/fundamentals/TIP/balance_sheet/quarter/2026-07-17/e7f06f52248bf617/normalized.parquet,1,4,2026Q1|2025Q4|2025Q3|2025Q2,2026-04-30|2026-01-30|2025-10-30|2025-07-30,True,False,False,0,False,0,0,False,,UNAVAILABLE,NO_CACHED_PRICE_SOURCE,,,,False,False,NO_CACHED_PRICE_SOURCE,False,True,True,True,True,True,True,True,True,True,True,True,True,True,True,False,True,True,False,False,False,merged Sprint 4 survivors + existing immutable quarterly fundamentals cache,2026-07-17,READINESS_AUDIT_ONLY
TLG,HOSE,HÀNG CÁ NHÂN & GIA DỤNG,2026-07-18,data/fundamentals/TLG/income_statement/quarter/2026-07-17/cae1d8766dca299d/normalized.parquet,1,data/fundamentals/TLG/balance_sheet/quarter/2026-07-17/ecddad71452f808b/normalized.parquet,1,4,2026Q1|2025Q4|2025Q3|2025Q2,2026-04-30|2026-01-30|2025-10-30|2025-07-30,True,False,False,0,False,0,0,False,,UNAVAILABLE,NO_CACHED_PRICE_SOURCE,,,,False,False,NO_CACHED_PRICE_SOURCE,False,True,True,True,True,True,True,True,True,True,True,True,True,True,True,False,True,True,False,False,False,merged Sprint 4 survivors + existing immutable quarterly fundamentals cache,2026-07-17,READINESS_AUDIT_ONLY
TPC,HOSE,HÓA CHẤT,2026-07-18,data/fundamentals/TPC/income_statement/quarter/2026-07-17/8795aa9cfa0094c1/normalized.parquet,1,data/fundamentals/TPC/balance_sheet/quarter/2026-07-17/e0fa723111ae1bf8/normalized.parquet,1,4,2026Q1|2025Q4|2025Q3|2025Q2,2026-04-30|2026-01-30|2025-10-30|2025-07-30,True,False,False,0,False,0,0,False,,UNAVAILABLE,NO_CACHED_PRICE_SOURCE,,,,False,False,NO_CACHED_PRICE_SOURCE,False,True,True,True,True,True,True,True,True,True,True,True,True,True,True,False,True,True,False,False,False,merged Sprint 4 survivors + existing immutable quarterly fundamentals cache,2026-07-17,READINESS_AUDIT_ONLY
TRA,HOSE,Y TẾ,2026-07-18,data/fundamentals/TRA/income_statement/quarter/2026-07-17/a91f01444c9771a8/normalized.parquet,1,data/fundamentals/TRA/balance_sheet/quarter/2026-07-17/300469a1301530e1/normalized.parquet,1,4,2026Q1|2025Q4|2025Q3|2025Q2,2026-04-30|2026-01-30|2025-10-30|2025-07-30,True,False,False,0,False,0,0,False,,UNAVAILABLE,NO_CACHED_PRICE_SOURCE,,,,False,False,NO_CACHED_PRICE_SOURCE,False,True,True,True,True,True,True,True,True,True,True,True,True,True,True,False,True,True,False,False,False,merged Sprint 4 survivors + existing immutable quarterly fundamentals cache,2026-07-17,READINESS_AUDIT_ONLY
TRC,HOSE,HÓA CHẤT,2026-07-18,data/fundamentals/TRC/income_statement/quarter/2026-07-17/eedc19311ff4cd93/normalized.parquet,1,data/fundamentals/TRC/balance_sheet/quarter/2026-07-17/3381dac716017ff3/normalized.parquet,1,3,2026Q1|2025Q4|2025Q3,2026-04-30|2026-01-30|2025-10-30,False,True,False,1,False,1,25,False,,UNAVAILABLE,NO_CACHED_PRICE_SOURCE,,,,False,False,NO_CACHED_PRICE_SOURCE,False,True,True,True,True,False,False,False,False,False,False,False,False,False,False,False,False,False,False,False,False,merged Sprint 4 survivors + existing immutable quarterly fundamentals cache,2026-07-17,READINESS_AUDIT_ONLY
TSA,HOSE,XÂY DỰNG VÀ VẬT LIỆU,2026-07-18,data/fundamentals/TSA/income_statement/quarter/2026-07-17/38a00006f52725d7/normalized.parquet,1,data/fundamentals/TSA/balance_sheet/quarter/2026-07-17/f5703ed085aebba6/normalized.parquet,1,4,2026Q1|2025Q4|2025Q3|2025Q2,2026-04-30|2026-01-30|2025-10-30|2025-07-30,True,False,False,0,False,0,0,False,,UNAVAILABLE,NO_CACHED_PRICE_SOURCE,,,,False,False,NO_CACHED_PRICE_SOURCE,False,True,True,True,True,True,True,True,True,True,True,True,True,True,True,False,True,True,False,False,False,merged Sprint 4 survivors + existing immutable quarterly fundamentals cache,2026-07-17,READINESS_AUDIT_ONLY
TTA,HOSE,"ĐIỆN, NƯỚC & XĂNG DẦU KHÍ ĐỐT",2026-07-18,data/fundamentals/TTA/income_statement/quarter/2026-07-17/4bc91f5e91496742/normalized.parquet,1,data/fundamentals/TTA/balance_sheet/quarter/2026-07-17/a644046815b41eae/normalized.parquet,1,4,2026Q1|2025Q4|2025Q3|2025Q2,2026-04-30|2026-01-30|2025-10-30|2025-07-30,True,False,False,0,False,0,0,False,,UNAVAILABLE,NO_CACHED_PRICE_SOURCE,,,,False,False,NO_CACHED_PRICE_SOURCE,False,True,True,True,True,True,True,True,True,True,True,True,True,True,True,False,True,True,False,False,False,merged Sprint 4 survivors + existing immutable quarterly fundamentals cache,2026-07-17,READINESS_AUDIT_ONLY
TV2,HOSE,HÀNG & DỊCH VỤ CÔNG NGHIỆP,2026-07-18,data/fundamentals/TV2/income_statement/quarter/2026-07-17/0b220ed73d3734bc/normalized.parquet,1,data/fundamentals/TV2/balance_sheet/quarter/2026-07-17/55e852c13bf47ce0/normalized.parquet,1,4,2026Q1|2025Q4|2025Q3|2025Q2,2026-04-30|2026-01-30|2025-10-30|2025-07-30,True,False,False,0,False,0,0,False,,UNAVAILABLE,NO_CACHED_PRICE_SOURCE,,,,False,False,NO_CACHED_PRICE_SOURCE,False,True,True,True,True,True,True,True,True,True,True,True,True,True,True,False,True,True,False,False,False,merged Sprint 4 survivors + existing immutable quarterly fundamentals cache,2026-07-17,READINESS_AUDIT_ONLY
VGC,HOSE,XÂY DỰNG VÀ VẬT LIỆU,2026-07-18,data/fundamentals/VGC/income_statement/quarter/2026-07-17/cbc1f6859d153abc/normalized.parquet,1,data/fundamentals/VGC/balance_sheet/quarter/2026-07-17/23f7be77496cb6f4/normalized.parquet,1,4,2026Q1|2025Q4|2025Q3|2025Q2,2026-04-30|2026-01-30|2025-10-30|2025-07-30,True,False,False,0,False,0,0,False,,UNAVAILABLE,NO_CACHED_PRICE_SOURCE,,,,False,False,NO_CACHED_PRICE_SOURCE,False,True,True,True,True,True,True,True,True,True,True,True,True,True,True,False,True,True,False,False,False,merged Sprint 4 survivors + existing immutable quarterly fundamentals cache,2026-07-17,READINESS_AUDIT_ONLY
VHC,HOSE,THỰC PHẨM VÀ ĐỒ UỐNG,2026-07-18,data/fundamentals/VHC/income_statement/quarter/2026-07-17/aab00922dd789597/normalized.parquet,1,data/fundamentals/VHC/balance_sheet/quarter/2026-07-15/76182cf0ac14aed1/normalized.parquet,1,4,2026Q1|2025Q4|2025Q3|2025Q2,2026-04-30|2026-01-30|2025-10-30|2025-07-30,True,False,False,0,False,0,0,False,,UNAVAILABLE,NO_CACHED_PRICE_SOURCE,,,,False,False,NO_CACHED_PRICE_SOURCE,False,False,False,False,False,True,True,True,True,True,True,True,True,True,True,False,True,True,False,False,False,merged Sprint 4 survivors + existing immutable quarterly fundamentals cache,2026-07-17,READINESS_AUDIT_ONLY
VHM,HOSE,BẤT ĐỘNG SẢN,2026-07-18,data/fundamentals/VHM/income_statement/quarter/2026-07-17/05bfb2b7e0113b67/normalized.parquet,1,data/fundamentals/VHM/balance_sheet/quarter/2026-07-17/e764734282bffea8/normalized.parquet,1,4,2026Q1|2025Q4|2025Q3|2025Q2,2026-04-30|2026-01-30|2025-10-30|2025-07-30,True,False,False,0,False,0,0,False,,UNAVAILABLE,NO_CACHED_PRICE_SOURCE,,,,False,False,NO_CACHED_PRICE_SOURCE,False,True,True,True,True,True,True,True,True,True,True,True,True,True,True,False,True,True,False,False,False,merged Sprint 4 survivors + existing immutable quarterly fundamentals cache,2026-07-17,READINESS_AUDIT_ONLY
VIC,HOSE,BẤT ĐỘNG SẢN,2026-07-18,data/fundamentals/VIC/income_statement/quarter/2026-07-17/eaaf5be62d142135/normalized.parquet,1,data/fundamentals/VIC/balance_sheet/quarter/2026-07-17/0bf2c704178e8398/normalized.parquet,1,4,2026Q1|2025Q4|2025Q3|2025Q2,2026-04-30|2026-01-30|2025-10-30|2025-07-30,True,False,False,0,False,0,0,False,,UNAVAILABLE,NO_CACHED_PRICE_SOURCE,,,,False,False,NO_CACHED_PRICE_SOURCE,False,True,True,True,True,True,True,True,True,True,True,True,True,True,True,False,True,True,False,False,False,merged Sprint 4 survivors + existing immutable quarterly fundamentals cache,2026-07-17,READINESS_AUDIT_ONLY
VIP,HOSE,HÀNG & DỊCH VỤ CÔNG NGHIỆP,2026-07-18,data/fundamentals/VIP/income_statement/quarter/2026-07-17/649dbc0a4b373fdd/normalized.parquet,1,data/fundamentals/VIP/balance_sheet/quarter/2026-07-17/dffdc6a08a8574e9/normalized.parquet,1,4,2026Q1|2025Q4|2025Q3|2025Q2,2026-04-30|2026-01-30|2025-10-30|2025-07-30,True,False,False,0,False,0,0,False,,UNAVAILABLE,NO_CACHED_PRICE_SOURCE,,,,False,False,NO_CACHED_PRICE_SOURCE,False,True,True,True,True,True,True,True,True,True,True,True,True,True,True,False,True,True,False,False,False,merged Sprint 4 survivors + existing immutable quarterly fundamentals cache,2026-07-17,READINESS_AUDIT_ONLY
VJC,HOSE,DU LỊCH VÀ GIẢI TRÍ,2026-07-18,data/fundamentals/VJC/income_statement/quarter/2026-07-17/91639bbb306dd74b/normalized.parquet,1,data/fundamentals/VJC/balance_sheet/quarter/2026-07-17/b325de45f1f1a000/normalized.parquet,1,4,2026Q1|2025Q4|2025Q3|2025Q2,2026-04-30|2026-01-30|2025-10-30|2025-07-30,True,False,False,0,False,0,0,False,,UNAVAILABLE,NO_CACHED_PRICE_SOURCE,,,,False,False,NO_CACHED_PRICE_SOURCE,False,True,True,True,True,True,True,True,True,True,True,True,True,True,True,False,True,True,False,False,False,merged Sprint 4 survivors + existing immutable quarterly fundamentals cache,2026-07-17,READINESS_AUDIT_ONLY
VNM,HOSE,THỰC PHẨM VÀ ĐỒ UỐNG,2026-07-18,data/fundamentals/VNM/income_statement/quarter/2026-07-15/8cde4c926dd22940/normalized.parquet,1,data/fundamentals/VNM/balance_sheet/quarter/2026-07-15/c249de5bb7f43eed/normalized.parquet,1,4,2026Q1|2025Q4|2025Q3|2025Q2,2026-04-30|2026-01-30|2025-10-30|2025-07-30,True,False,False,0,False,0,0,False,,UNAVAILABLE,NO_CACHED_PRICE_SOURCE,,,,False,False,NO_CACHED_PRICE_SOURCE,False,False,False,False,False,True,True,True,True,True,True,True,True,True,True,False,True,True,False,False,False,merged Sprint 4 survivors + existing immutable quarterly fundamentals cache,2026-07-15,READINESS_AUDIT_ONLY
VPL,HOSE,DU LỊCH VÀ GIẢI TRÍ,2026-07-18,data/fundamentals/VPL/income_statement/quarter/2026-07-17/a3ee64c910ca14e4/normalized.parquet,1,data/fundamentals/VPL/balance_sheet/quarter/2026-07-17/c73e8d6c94b27bb8/normalized.parquet,1,4,2026Q1|2025Q4|2025Q3|2025Q2,2026-04-30|2026-01-30|2025-10-30|2025-07-30,True,False,False,0,False,0,0,False,,UNAVAILABLE,NO_CACHED_PRICE_SOURCE,,,,False,False,NO_CACHED_PRICE_SOURCE,False,True,True,True,True,True,True,True,True,True,True,True,True,True,True,False,True,True,False,False,False,merged Sprint 4 survivors + existing immutable quarterly fundamentals cache,2026-07-17,READINESS_AUDIT_ONLY
VTO,HOSE,HÀNG & DỊCH VỤ CÔNG NGHIỆP,2026-07-18,data/fundamentals/VTO/income_statement/quarter/2026-07-17/6e4fe1ed2a2540d4/normalized.parquet,1,data/fundamentals/VTO/balance_sheet/quarter/2026-07-17/f31244cc71f61b0e/normalized.parquet,1,4,2026Q1|2025Q4|2025Q3|2025Q2,2026-04-30|2026-01-30|2025-10-30|2025-07-30,True,False,False,0,False,0,0,False,,UNAVAILABLE,NO_CACHED_PRICE_SOURCE,,,,False,False,NO_CACHED_PRICE_SOURCE,False,True,True,True,True,True,True,True,True,True,True,True,True,True,True,False,True,True,False,False,False,merged Sprint 4 survivors + existing immutable quarterly fundamentals cache,2026-07-17,READINESS_AUDIT_ONLY
VTP,HOSE,HÀNG & DỊCH VỤ CÔNG NGHIỆP,2026-07-18,data/fundamentals/VTP/income_statement/quarter/2026-07-17/3a150e951a846aef/normalized.parquet,1,data/fundamentals/VTP/balance_sheet/quarter/2026-07-17/955de77fdf406e90/normalized.parquet,1,4,2026Q1|2025Q4|2025Q3|2025Q2,2026-04-30|2026-01-30|2025-10-30|2025-07-30,True,False,False,0,False,0,0,False,,UNAVAILABLE,NO_CACHED_PRICE_SOURCE,,,,False,False,NO_CACHED_PRICE_SOURCE,False,True,True,True,True,True,True,True,True,True,True,True,True,True,True,False,True,True,False,False,False,merged Sprint 4 survivors + existing immutable quarterly fundamentals cache,2026-07-17,READINESS_AUDIT_ONLY
VVS,HOSE,Ô TÔ VÀ PHỤ TÙNG,2026-07-18,data/fundamentals/VVS/income_statement/quarter/2026-07-17/2334380ba16445c1/normalized.parquet,1,data/fundamentals/VVS/balance_sheet/quarter/2026-07-15/6c41d19a21e979ca/normalized.parquet,1,4,2026Q1|2025Q4|2025Q3|2025Q2,2026-04-30|2026-01-30|2025-10-30|2025-07-30,True,False,False,0,False,0,0,False,,UNAVAILABLE,NO_CACHED_PRICE_SOURCE,,,,False,False,NO_CACHED_PRICE_SOURCE,False,True,True,True,True,True,True,True,True,True,True,True,True,True,True,False,True,True,False,False,False,merged Sprint 4 survivors + existing immutable quarterly fundamentals cache,2026-07-17,READINESS_AUDIT_ONLY
YEG,HOSE,TRUYỀN THÔNG,2026-07-18,data/fundamentals/YEG/income_statement/quarter/2026-07-17/e43dba273ba2716b/normalized.parquet,1,data/fundamentals/YEG/balance_sheet/quarter/2026-07-17/64f20096c052b2dc/normalized.parquet,1,4,2026Q1|2025Q4|2025Q3|2025Q2,2026-04-30|2026-01-30|2025-10-30|2025-07-30,True,False,False,0,False,0,0,False,,UNAVAILABLE,NO_CACHED_PRICE_SOURCE,,,,False,False,NO_CACHED_PRICE_SOURCE,False,True,True,True,True,True,True,True,True,True,True,True,True,True,True,False,True,True,False,False,False,merged Sprint 4 survivors + existing immutable quarterly fundamentals cache,2026-07-17,READINESS_AUDIT_ONLY
API,HNX,BẤT ĐỘNG SẢN,2026-07-18,data/fundamentals/API/income_statement/quarter/2026-07-16/8992f94371db9648/normalized.parquet,1,data/fundamentals/API/balance_sheet/quarter/2026-07-16/d63f65b7b9a81451/normalized.parquet,1,4,2026Q1|2025Q4|2025Q3|2025Q2,2026-04-30|2026-01-30|2025-10-30|2025-07-30,True,False,False,0,False,0,0,False,,UNAVAILABLE,NO_CACHED_PRICE_SOURCE,,,,False,False,NO_CACHED_PRICE_SOURCE,False,True,True,True,True,True,True,True,True,True,True,True,True,True,True,False,True,True,False,False,False,merged Sprint 4 survivors + existing immutable quarterly fundamentals cache,2026-07-16,READINESS_AUDIT_ONLY
BNA,HNX,THỰC PHẨM VÀ ĐỒ UỐNG,2026-07-18,data/fundamentals/BNA/income_statement/quarter/2026-07-16/422f9dd166ff6bcd/normalized.parquet,1,data/fundamentals/BNA/balance_sheet/quarter/2026-07-16/7e3d3651186efb9e/normalized.parquet,1,4,2026Q1|2025Q4|2025Q3|2025Q2,2026-04-30|2026-01-30|2025-10-30|2025-07-30,True,False,False,0,False,0,0,False,,UNAVAILABLE,NO_CACHED_PRICE_SOURCE,,,,False,False,NO_CACHED_PRICE_SOURCE,False,True,True,True,True,True,True,True,True,True,True,True,True,True,True,False,True,True,False,False,False,merged Sprint 4 survivors + existing immutable quarterly fundamentals cache,2026-07-16,READINESS_AUDIT_ONLY
CAP,HNX,TÀI NGUYÊN CƠ BẢN,2026-07-18,data/fundamentals/CAP/income_statement/quarter/2026-07-16/92bb61cdb5483d77/normalized.parquet,1,data/fundamentals/CAP/balance_sheet/quarter/2026-07-15/b135ac6a8b20e3a1/normalized.parquet,1,4,2026Q1|2025Q4|2025Q3|2025Q2,2026-04-30|2026-01-30|2025-10-30|2025-07-30,True,False,False,0,False,0,0,False,,UNAVAILABLE,NO_CACHED_PRICE_SOURCE,,,,False,False,NO_CACHED_PRICE_SOURCE,False,True,True,True,True,True,True,True,True,True,True,True,True,True,True,False,True,True,False,False,False,merged Sprint 4 survivors + existing immutable quarterly fundamentals cache,2026-07-16,READINESS_AUDIT_ONLY
CEO,HNX,BẤT ĐỘNG SẢN,2026-07-18,data/fundamentals/CEO/income_statement/quarter/2026-07-16/7dcd11ecde1054e8/normalized.parquet,1,data/fundamentals/CEO/balance_sheet/quarter/2026-07-16/b28a9b1ec2f0d8a2/normalized.parquet,1,4,2026Q1|2025Q4|2025Q3|2025Q2,2026-04-30|2026-01-30|2025-10-30|2025-07-30,True,False,False,0,False,0,0,False,,UNAVAILABLE,NO_CACHED_PRICE_SOURCE,,,,False,False,NO_CACHED_PRICE_SOURCE,False,True,True,True,True,True,True,True,True,True,True,True,True,True,True,False,True,True,False,False,False,merged Sprint 4 survivors + existing immutable quarterly fundamentals cache,2026-07-16,READINESS_AUDIT_ONLY
CTP,HNX,THỰC PHẨM VÀ ĐỒ UỐNG,2026-07-18,data/fundamentals/CTP/income_statement/quarter/2026-07-16/3d0c8b31162819b7/normalized.parquet,1,data/fundamentals/CTP/balance_sheet/quarter/2026-07-16/bdf5f4b1a8507c2d/normalized.parquet,1,4,2026Q1|2025Q4|2025Q3|2025Q2,2026-04-30|2026-01-30|2025-10-30|2025-07-30,True,False,False,0,False,0,0,False,,UNAVAILABLE,NO_CACHED_PRICE_SOURCE,,,,False,False,NO_CACHED_PRICE_SOURCE,False,True,True,True,True,True,True,True,True,True,True,True,True,True,True,False,True,True,False,False,False,merged Sprint 4 survivors + existing immutable quarterly fundamentals cache,2026-07-16,READINESS_AUDIT_ONLY
DL1,HNX,HÀNG & DỊCH VỤ CÔNG NGHIỆP,2026-07-18,data/fundamentals/DL1/income_statement/quarter/2026-07-16/20065a8f55128b58/normalized.parquet,1,data/fundamentals/DL1/balance_sheet/quarter/2026-07-16/13a1f52d83d1669a/normalized.parquet,1,4,2026Q1|2025Q4|2025Q3|2025Q2,2026-04-30|2026-01-30|2025-10-30|2025-07-30,True,False,False,0,False,0,0,False,,UNAVAILABLE,NO_CACHED_PRICE_SOURCE,,,,False,False,NO_CACHED_PRICE_SOURCE,False,True,True,True,True,True,True,True,True,True,True,True,True,True,True,False,True,True,False,False,False,merged Sprint 4 survivors + existing immutable quarterly fundamentals cache,2026-07-16,READINESS_AUDIT_ONLY
DP3,HNX,Y TẾ,2026-07-18,data/fundamentals/DP3/income_statement/quarter/2026-07-16/80b3243edcf6d81a/normalized.parquet,1,data/fundamentals/DP3/balance_sheet/quarter/2026-07-16/ec519dacd681ff1f/normalized.parquet,1,4,2026Q1|2025Q4|2025Q3|2025Q2,2026-04-30|2026-01-30|2025-10-30|2025-07-30,True,False,False,0,False,0,0,False,,UNAVAILABLE,NO_CACHED_PRICE_SOURCE,,,,False,False,NO_CACHED_PRICE_SOURCE,False,True,True,True,True,True,True,True,True,True,True,True,True,True,True,False,True,True,False,False,False,merged Sprint 4 survivors + existing immutable quarterly fundamentals cache,2026-07-16,READINESS_AUDIT_ONLY
DTD,HNX,BẤT ĐỘNG SẢN,2026-07-18,data/fundamentals/DTD/income_statement/quarter/2026-07-16/ec7444a40f8a8242/normalized.parquet,1,data/fundamentals/DTD/balance_sheet/quarter/2026-07-16/c0fc7ad8edf8e5a1/normalized.parquet,1,4,2026Q1|2025Q4|2025Q3|2025Q2,2026-04-30|2026-01-30|2025-10-30|2025-07-30,True,False,False,0,False,0,0,False,,UNAVAILABLE,NO_CACHED_PRICE_SOURCE,,,,False,False,NO_CACHED_PRICE_SOURCE,False,True,True,True,True,True,True,True,True,True,True,True,True,True,True,False,True,True,False,False,False,merged Sprint 4 survivors + existing immutable quarterly fundamentals cache,2026-07-16,READINESS_AUDIT_ONLY
DVM,HNX,Y TẾ,2026-07-18,data/fundamentals/DVM/income_statement/quarter/2026-07-16/fc78cf53716377e6/normalized.parquet,1,data/fundamentals/DVM/balance_sheet/quarter/2026-07-15/7e08c8845a6b12fb/normalized.parquet,1,4,2026Q1|2025Q4|2025Q3|2025Q2,2026-04-30|2026-01-30|2025-10-30|2025-07-30,True,False,False,0,False,0,0,False,,UNAVAILABLE,NO_CACHED_PRICE_SOURCE,,,,False,False,NO_CACHED_PRICE_SOURCE,False,True,True,True,True,True,True,True,True,True,True,True,True,True,True,False,True,True,False,False,False,merged Sprint 4 survivors + existing immutable quarterly fundamentals cache,2026-07-16,READINESS_AUDIT_ONLY
DXP,HNX,HÀNG & DỊCH VỤ CÔNG NGHIỆP,2026-07-18,data/fundamentals/DXP/income_statement/quarter/2026-07-16/f685197e75125b0d/normalized.parquet,1,data/fundamentals/DXP/balance_sheet/quarter/2026-07-15/2f357dcb21f1aa43/normalized.parquet,1,4,2026Q1|2025Q4|2025Q3|2025Q2,2026-04-30|2026-01-30|2025-10-30|2025-07-30,True,False,False,0,False,0,0,False,,UNAVAILABLE,NO_CACHED_PRICE_SOURCE,,,,False,False,NO_CACHED_PRICE_SOURCE,False,True,True,True,True,True,True,True,True,True,True,True,True,True,True,False,True,True,False,False,False,merged Sprint 4 survivors + existing immutable quarterly fundamentals cache,2026-07-16,READINESS_AUDIT_ONLY
HHC,HNX,THỰC PHẨM VÀ ĐỒ UỐNG,2026-07-18,data/fundamentals/HHC/income_statement/quarter/2026-07-16/eb05717f21d08ba6/normalized.parquet,1,data/fundamentals/HHC/balance_sheet/quarter/2026-07-16/c7fe50f0a502e878/normalized.parquet,1,4,2026Q1|2025Q4|2025Q3|2025Q2,2026-04-30|2026-01-30|2025-10-30|2025-07-30,True,False,False,0,False,0,0,False,,UNAVAILABLE,NO_CACHED_PRICE_SOURCE,,,,False,False,NO_CACHED_PRICE_SOURCE,False,True,True,True,True,True,True,True,True,True,True,True,True,True,True,False,True,True,False,False,False,merged Sprint 4 survivors + existing immutable quarterly fundamentals cache,2026-07-16,READINESS_AUDIT_ONLY
IDC,HNX,BẤT ĐỘNG SẢN,2026-07-18,data/fundamentals/IDC/income_statement/quarter/2026-07-16/ee63fad972bfa97d/normalized.parquet,1,data/fundamentals/IDC/balance_sheet/quarter/2026-07-15/0f7e9bcff7de8bf1/normalized.parquet,1,4,2026Q1|2025Q4|2025Q3|2025Q2,2026-04-30|2026-01-30|2025-10-30|2025-07-30,True,False,False,0,False,0,0,False,,UNAVAILABLE,NO_CACHED_PRICE_SOURCE,,,,False,False,NO_CACHED_PRICE_SOURCE,False,True,True,True,True,True,True,True,True,True,True,True,True,True,True,False,True,True,False,False,False,merged Sprint 4 survivors + existing immutable quarterly fundamentals cache,2026-07-16,READINESS_AUDIT_ONLY
IDJ,HNX,BẤT ĐỘNG SẢN,2026-07-18,data/fundamentals/IDJ/income_statement/quarter/2026-07-16/b3a870c07ed2f45d/normalized.parquet,1,data/fundamentals/IDJ/balance_sheet/quarter/2026-07-16/074f318df8283d72/normalized.parquet,1,4,2026Q1|2025Q4|2025Q3|2025Q2,2026-04-30|2026-01-30|2025-10-30|2025-07-30,True,False,False,0,False,0,0,False,,UNAVAILABLE,NO_CACHED_PRICE_SOURCE,,,,False,False,NO_CACHED_PRICE_SOURCE,False,True,True,True,True,True,True,True,True,True,True,True,True,True,True,False,True,True,False,False,False,merged Sprint 4 survivors + existing immutable quarterly fundamentals cache,2026-07-16,READINESS_AUDIT_ONLY
KSV,HNX,TÀI NGUYÊN CƠ BẢN,2026-07-18,data/fundamentals/KSV/income_statement/quarter/2026-07-16/3bff59137eef1831/normalized.parquet,1,data/fundamentals/KSV/balance_sheet/quarter/2026-07-16/ba5aba8d57498742/normalized.parquet,1,4,2026Q1|2025Q4|2025Q3|2025Q2,2026-04-30|2026-01-30|2025-10-30|2025-07-30,True,False,False,0,False,0,0,False,,UNAVAILABLE,NO_CACHED_PRICE_SOURCE,,,,False,False,NO_CACHED_PRICE_SOURCE,False,True,True,True,True,True,True,True,True,True,True,True,True,True,True,False,True,True,False,False,False,merged Sprint 4 survivors + existing immutable quarterly fundamentals cache,2026-07-16,READINESS_AUDIT_ONLY
L14,HNX,XÂY DỰNG VÀ VẬT LIỆU,2026-07-18,data/fundamentals/L14/income_statement/quarter/2026-07-16/57f8bcea137045b5/normalized.parquet,1,data/fundamentals/L14/balance_sheet/quarter/2026-07-16/2a5ff8c32850874b/normalized.parquet,1,4,2026Q1|2025Q4|2025Q3|2025Q2,2026-04-30|2026-01-30|2025-10-30|2025-07-30,True,False,False,0,False,0,0,False,,UNAVAILABLE,NO_CACHED_PRICE_SOURCE,,,,False,False,NO_CACHED_PRICE_SOURCE,False,True,True,True,True,True,True,True,True,True,True,True,True,True,True,False,True,True,False,False,False,merged Sprint 4 survivors + existing immutable quarterly fundamentals cache,2026-07-16,READINESS_AUDIT_ONLY
LHC,HNX,XÂY DỰNG VÀ VẬT LIỆU,2026-07-18,data/fundamentals/LHC/income_statement/quarter/2026-07-16/093f39eb68bfcbf1/normalized.parquet,1,data/fundamentals/LHC/balance_sheet/quarter/2026-07-16/b8c305f732e1c6ed/normalized.parquet,1,4,2026Q1|2025Q4|2025Q3|2025Q2,2026-04-30|2026-01-30|2025-10-30|2025-07-30,True,False,False,0,False,0,0,False,,UNAVAILABLE,NO_CACHED_PRICE_SOURCE,,,,False,False,NO_CACHED_PRICE_SOURCE,False,True,True,True,True,True,True,True,True,True,True,True,True,True,True,False,True,True,False,False,False,merged Sprint 4 survivors + existing immutable quarterly fundamentals cache,2026-07-16,READINESS_AUDIT_ONLY
NDN,HNX,BẤT ĐỘNG SẢN,2026-07-18,data/fundamentals/NDN/income_statement/quarter/2026-07-16/e8778770072599f8/normalized.parquet,1,data/fundamentals/NDN/balance_sheet/quarter/2026-07-16/0964b97152e8c6ad/normalized.parquet,1,4,2026Q1|2025Q4|2025Q3|2025Q2,2026-04-30|2026-01-30|2025-10-30|2025-07-30,True,False,False,0,False,0,0,False,,UNAVAILABLE,NO_CACHED_PRICE_SOURCE,,,,False,False,NO_CACHED_PRICE_SOURCE,False,True,True,True,True,True,True,True,True,True,True,True,True,True,True,False,True,True,False,False,False,merged Sprint 4 survivors + existing immutable quarterly fundamentals cache,2026-07-16,READINESS_AUDIT_ONLY
NTP,HNX,XÂY DỰNG VÀ VẬT LIỆU,2026-07-18,data/fundamentals/NTP/income_statement/quarter/2026-07-16/65b536bd1c67a71e/normalized.parquet,1,data/fundamentals/NTP/balance_sheet/quarter/2026-07-16/0dcc477ba1b4ee42/normalized.parquet,1,4,2026Q1|2025Q4|2025Q3|2025Q2,2026-04-30|2026-01-30|2025-10-30|2025-07-30,True,False,False,0,False,0,0,False,,UNAVAILABLE,NO_CACHED_PRICE_SOURCE,,,,False,False,NO_CACHED_PRICE_SOURCE,False,True,True,True,True,True,True,True,True,True,True,True,True,True,True,False,True,True,False,False,False,merged Sprint 4 survivors + existing immutable quarterly fundamentals cache,2026-07-16,READINESS_AUDIT_ONLY
PLC,HNX,HÓA CHẤT,2026-07-18,data/fundamentals/PLC/income_statement/quarter/2026-07-17/020cb21431aef154/normalized.parquet,1,data/fundamentals/PLC/balance_sheet/quarter/2026-07-17/9da3b9976456a2aa/normalized.parquet,1,4,2026Q1|2025Q4|2025Q3|2025Q2,2026-04-30|2026-01-30|2025-10-30|2025-07-30,True,False,False,0,False,0,0,False,,UNAVAILABLE,NO_CACHED_PRICE_SOURCE,,,,False,False,NO_CACHED_PRICE_SOURCE,False,True,True,True,True,True,True,True,True,True,True,True,True,True,True,False,True,True,False,False,False,merged Sprint 4 survivors + existing immutable quarterly fundamentals cache,2026-07-17,READINESS_AUDIT_ONLY
PPT,HNX,"ĐIỆN, NƯỚC & XĂNG DẦU KHÍ ĐỐT",2026-07-18,data/fundamentals/PPT/income_statement/quarter/2026-07-17/bf7fbdac0740ab66/normalized.parquet,1,data/fundamentals/PPT/balance_sheet/quarter/2026-07-17/f577faba705eafcb/normalized.parquet,1,4,2026Q1|2025Q4|2025Q3|2025Q2,2026-04-30|2026-01-30|2025-10-30|2025-07-30,True,False,False,0,False,0,0,False,,UNAVAILABLE,NO_CACHED_PRICE_SOURCE,,,,False,False,NO_CACHED_PRICE_SOURCE,False,True,True,True,True,True,True,True,True,True,True,True,True,True,True,False,True,True,False,False,False,merged Sprint 4 survivors + existing immutable quarterly fundamentals cache,2026-07-17,READINESS_AUDIT_ONLY
PVS,HNX,DẦU KHÍ,2026-07-18,data/fundamentals/PVS/income_statement/quarter/2026-07-17/cfba8d2db7820d76/normalized.parquet,1,data/fundamentals/PVS/balance_sheet/quarter/2026-07-17/a68a0136c3de5043/normalized.parquet,1,4,2026Q1|2025Q4|2025Q3|2025Q2,2026-04-30|2026-01-30|2025-10-30|2025-07-30,True,False,False,0,False,0,0,False,,UNAVAILABLE,NO_CACHED_PRICE_SOURCE,,,,False,False,NO_CACHED_PRICE_SOURCE,False,True,True,True,True,True,True,True,True,True,True,True,True,True,True,False,True,True,False,False,False,merged Sprint 4 survivors + existing immutable quarterly fundamentals cache,2026-07-17,READINESS_AUDIT_ONLY
SCG,HNX,XÂY DỰNG VÀ VẬT LIỆU,2026-07-18,data/fundamentals/SCG/income_statement/quarter/2026-07-17/3ed403a487056327/normalized.parquet,1,data/fundamentals/SCG/balance_sheet/quarter/2026-07-17/643aefd7810970f8/normalized.parquet,1,4,2026Q1|2025Q4|2025Q3|2025Q2,2026-04-30|2026-01-30|2025-10-30|2025-07-30,True,False,False,0,False,0,0,False,,UNAVAILABLE,NO_CACHED_PRICE_SOURCE,,,,False,False,NO_CACHED_PRICE_SOURCE,False,True,True,True,True,True,True,True,True,True,True,True,True,True,True,False,True,True,False,False,False,merged Sprint 4 survivors + existing immutable quarterly fundamentals cache,2026-07-17,READINESS_AUDIT_ONLY
SHN,HNX,TÀI NGUYÊN CƠ BẢN,2026-07-18,data/fundamentals/SHN/income_statement/quarter/2026-07-17/72c60f8277d3fe82/normalized.parquet,1,data/fundamentals/SHN/balance_sheet/quarter/2026-07-15/999ce778e82bfef6/normalized.parquet,1,4,2026Q1|2025Q4|2025Q3|2025Q2,2026-04-30|2026-01-30|2025-10-30|2025-07-30,True,False,False,0,False,0,0,False,,UNAVAILABLE,NO_CACHED_PRICE_SOURCE,,,,False,False,NO_CACHED_PRICE_SOURCE,False,True,True,True,True,True,True,True,True,True,True,True,True,True,True,False,True,True,False,False,False,merged Sprint 4 survivors + existing immutable quarterly fundamentals cache,2026-07-17,READINESS_AUDIT_ONLY
THD,HNX,BẤT ĐỘNG SẢN,2026-07-18,data/fundamentals/THD/income_statement/quarter/2026-07-17/c26467a6619f71f3/normalized.parquet,1,data/fundamentals/THD/balance_sheet/quarter/2026-07-17/febe64a94d79e90e/normalized.parquet,1,4,2026Q1|2025Q4|2025Q3|2025Q2,2026-04-30|2026-01-30|2025-10-30|2025-07-30,True,False,False,0,False,0,0,False,,UNAVAILABLE,NO_CACHED_PRICE_SOURCE,,,,False,False,NO_CACHED_PRICE_SOURCE,False,True,True,True,True,True,True,True,True,True,True,True,True,True,True,False,True,True,False,False,False,merged Sprint 4 survivors + existing immutable quarterly fundamentals cache,2026-07-17,READINESS_AUDIT_ONLY
TIG,HNX,BẤT ĐỘNG SẢN,2026-07-18,data/fundamentals/TIG/income_statement/quarter/2026-07-17/c9a6ab9799b06506/normalized.parquet,1,data/fundamentals/TIG/balance_sheet/quarter/2026-07-17/b244b837e2f6ce25/normalized.parquet,1,4,2026Q1|2025Q4|2025Q3|2025Q2,2026-04-30|2026-01-30|2025-10-30|2025-07-30,True,False,False,0,False,0,0,False,,UNAVAILABLE,NO_CACHED_PRICE_SOURCE,,,,False,False,NO_CACHED_PRICE_SOURCE,False,True,True,True,True,True,True,True,True,True,True,True,True,True,True,False,True,True,False,False,False,merged Sprint 4 survivors + existing immutable quarterly fundamentals cache,2026-07-17,READINESS_AUDIT_ONLY
TNG,HNX,HÀNG CÁ NHÂN & GIA DỤNG,2026-07-18,data/fundamentals/TNG/income_statement/quarter/2026-07-17/cf9ab4a5bc31b61a/normalized.parquet,1,data/fundamentals/TNG/balance_sheet/quarter/2026-07-17/c046b81c24df1edc/normalized.parquet,1,4,2026Q1|2025Q4|2025Q3|2025Q2,2026-04-30|2026-01-30|2025-10-30|2025-07-30,True,False,False,0,False,0,0,False,,UNAVAILABLE,NO_CACHED_PRICE_SOURCE,,,,False,False,NO_CACHED_PRICE_SOURCE,False,True,True,True,True,True,True,True,True,True,True,True,True,True,True,False,True,True,False,False,False,merged Sprint 4 survivors + existing immutable quarterly fundamentals cache,2026-07-17,READINESS_AUDIT_ONLY
VC3,HNX,BẤT ĐỘNG SẢN,2026-07-18,data/fundamentals/VC3/income_statement/quarter/2026-07-17/3dd28ef91c2b2f74/normalized.parquet,1,data/fundamentals/VC3/balance_sheet/quarter/2026-07-17/76fff6120d8607b1/normalized.parquet,1,4,2026Q1|2025Q4|2025Q3|2025Q2,2026-04-30|2026-01-30|2025-10-30|2025-07-30,True,False,False,0,False,0,0,False,,UNAVAILABLE,NO_CACHED_PRICE_SOURCE,,,,False,False,NO_CACHED_PRICE_SOURCE,False,True,True,True,True,True,True,True,True,True,True,True,True,True,True,False,True,True,False,False,False,merged Sprint 4 survivors + existing immutable quarterly fundamentals cache,2026-07-17,READINESS_AUDIT_ONLY
VCS,HNX,XÂY DỰNG VÀ VẬT LIỆU,2026-07-18,data/fundamentals/VCS/income_statement/quarter/2026-07-16/b4ae1341cfab54c4/normalized.parquet,1,data/fundamentals/VCS/balance_sheet/quarter/2026-07-16/40a7b60934b5f1e5/normalized.parquet,1,4,2026Q1|2025Q4|2025Q3|2025Q2,2026-04-30|2026-01-30|2025-10-30|2025-07-30,True,False,False,0,False,0,0,False,,UNAVAILABLE,NO_CACHED_PRICE_SOURCE,,,,False,False,NO_CACHED_PRICE_SOURCE,False,True,True,True,True,True,True,True,True,True,True,True,True,True,True,False,True,True,False,False,False,merged Sprint 4 survivors + existing immutable quarterly fundamentals cache,2026-07-16,READINESS_AUDIT_ONLY
VGS,HNX,TÀI NGUYÊN CƠ BẢN,2026-07-18,data/fundamentals/VGS/income_statement/quarter/2026-07-17/05c85724270c4c39/normalized.parquet,1,data/fundamentals/VGS/balance_sheet/quarter/2026-07-17/33f327922d14cebf/normalized.parquet,1,4,2026Q1|2025Q4|2025Q3|2025Q2,2026-04-30|2026-01-30|2025-10-30|2025-07-30,True,False,False,0,False,0,0,False,,UNAVAILABLE,NO_CACHED_PRICE_SOURCE,,,,False,False,NO_CACHED_PRICE_SOURCE,False,True,True,True,True,True,True,True,True,True,True,True,True,True,True,False,True,True,False,False,False,merged Sprint 4 survivors + existing immutable quarterly fundamentals cache,2026-07-17,READINESS_AUDIT_ONLY
